level,gridSize,map,given,solution
0,4,"0,1,1,1,0,0,1,2,3,0,2,2,0,0,0,0","","0,1,0,0,0,0,0,1,1,0,0,0,0,0,1,0"
1,4,"2,2,1,3,2,3,3,3,2,2,3,3,2,0,3,3","4,","0,0,1,0,1,0,0,0,0,0,0,1,0,1,0,0"
2,5,"3,3,0,4,4,1,3,3,4,4,3,3,4,4,2,3,3,2,2,2,3,3,3,2,2","24,","0,0,1,0,0,1,0,0,0,0,0,0,0,1,0,0,1,0,0,0,0,0,0,0,1"
3,6,"2,4,4,4,4,1,2,2,4,4,4,4,2,2,5,4,4,3,0,5,5,3,3,3,5,5,3,3,3,3,5,5,5,3,3,3","15,","0,0,0,0,0,1,0,1,0,0,0,0,0,0,0,1,0,0,1,0,0,0,0,0,0,0,0,0,1,0,0,0,1,0,0,0"
4,6,"5,5,5,5,5,3,5,1,3,3,3,3,5,5,2,0,3,3,5,2,2,2,3,4,5,4,2,4,4,4,4,4,4,4,4,4","5,","0,0,0,0,0,1,0,1,0,0,0,0,0,0,0,1,0,0,1,0,0,0,0,0,0,0,1,0,0,0,0,0,0,0,1,0"
5,8,"4,4,4,6,6,6,6,6,4,4,4,4,6,6,6,0,7,7,4,6,6,6,6,6,7,7,4,4,4,6,2,2,7,7,4,7,7,5,5,2,7,7,7,7,5,5,5,5,1,3,3,3,5,5,5,5,3,3,3,5,5,5,5,5","45,","0,1,0,0,0,0,0,0,0,0,0,0,0,0,0,1,0,0,0,0,1,0,0,0,0,0,0,0,0,0,1,0,0,0,0,1,0,0,0,0,0,0,0,0,0,1,0,0,1,0,0,0,0,0,0,0,0,0,1,0,0,0,0,0"
6,6,"2,2,2,4,4,0,2,5,2,4,4,4,2,5,4,4,3,4,5,5,1,4,3,3,5,5,5,3,3,3,5,5,5,3,3,3","28,","0,0,0,0,0,1,0,0,0,1,0,0,1,0,0,0,0,0,0,0,1,0,0,0,0,0,0,0,1,0,0,1,0,0,0,0"
7,7,"5,5,5,3,3,3,3,1,5,5,3,3,3,3,5,5,6,6,6,3,3,5,5,6,6,6,6,6,5,2,6,6,6,0,4,4,2,4,4,6,4,4,4,4,4,4,4,4,4","36,","0,0,1,0,0,0,0,1,0,0,0,0,0,0,0,0,0,0,0,0,1,0,0,0,1,0,0,0,0,0,0,0,0,1,0,0,1,0,0,0,0,0,0,0,0,0,1,0,0"
8,8,"2,2,2,2,4,4,6,6,2,2,2,2,4,4,4,6,2,2,4,4,4,4,6,6,2,7,7,4,4,4,6,6,7,7,7,5,5,5,5,6,7,7,3,5,5,5,5,6,3,3,3,3,5,0,5,1,3,3,3,3,1,1,1,1","19,","0,0,0,0,0,0,1,0,1,0,0,0,0,0,0,0,0,0,0,1,0,0,0,0,0,1,0,0,0,0,0,0,0,0,0,0,1,0,0,0,0,0,1,0,0,0,0,0,0,0,0,0,0,1,0,0,0,0,0,0,0,0,0,1"
9,9,"4,4,4,4,7,7,1,7,7,4,4,6,4,7,7,7,7,2,4,4,6,6,6,7,7,7,2,0,4,6,6,6,7,7,2,2,4,4,6,6,6,7,8,8,8,3,3,3,6,6,6,6,8,8,3,3,3,3,5,5,8,8,8,3,3,3,3,5,5,5,5,8,3,3,3,3,3,5,5,5,8","6,","0,0,0,0,0,0,1,0,0,0,1,0,0,0,0,0,0,0,0,0,0,0,0,0,0,0,1,1,0,0,0,0,0,0,0,0,0,0,0,0,0,1,0,0,0,0,0,0,1,0,0,0,0,0,0,0,0,0,0,0,0,1,0,0,0,0,0,1,0,0,0,0,0,0,1,0,0,0,0,0,0"
10,7,"6,6,6,6,5,3,3,6,6,5,6,5,5,3,6,6,5,5,5,5,3,6,6,1,5,3,3,3,2,2,2,5,3,3,3,2,2,4,4,4,4,3,4,4,4,4,4,4,0","48,","0,0,0,0,0,1,0,0,1,0,0,0,0,0,0,0,0,0,1,0,0,0,0,1,0,0,0,0,1,0,0,0,0,0,0,0,0,0,1,0,0,0,0,0,0,0,0,0,1"
11,8,"4,4,4,6,6,6,6,1,4,4,4,4,6,6,6,6,4,7,7,6,6,2,2,6,4,7,7,7,7,2,5,5,0,3,7,7,7,2,2,5,3,3,7,3,7,7,7,5,3,3,7,3,5,5,7,5,3,3,3,3,5,5,5,5","","0,0,0,0,0,0,0,1,0,1,0,0,0,0,0,0,0,0,0,1,0,0,0,0,0,0,0,0,0,1,0,0,1,0,0,0,0,0,0,0,0,0,0,0,0,0,1,0,0,0,0,0,1,0,0,0,0,0,1,0,0,0,0,0"
12,10,"4,7,7,7,7,7,7,2,2,2,4,4,4,7,7,7,5,2,2,9,4,4,4,7,7,5,5,2,2,9,4,4,4,7,7,7,5,5,2,9,4,4,4,4,5,5,5,9,2,9,6,6,6,6,5,5,5,9,9,9,6,6,6,6,6,5,3,3,9,9,6,6,6,6,6,3,3,3,3,8,0,1,6,8,8,8,3,3,3,8,1,1,1,8,8,8,8,8,8,8","","0,0,0,0,1,0,0,0,0,0,0,0,0,0,0,0,0,0,1,0,0,0,0,0,0,1,0,0,0,0,0,1,0,0,0,0,0,0,0,0,0,0,0,0,0,0,0,1,0,0,0,0,0,1,0,0,0,0,0,0,0,0,0,0,0,0,1,0,0,0,0,0,0,0,0,0,0,0,0,1,1,0,0,0,0,0,0,0,0,0,0,0,1,0,0,0,0,0,0,0"
13,10,"5,5,5,5,5,2,7,7,7,7,5,5,0,5,5,2,2,7,7,7,5,5,5,5,9,9,9,9,9,7,5,5,5,5,9,9,9,9,9,7,1,5,6,5,6,9,9,9,4,7,3,5,6,6,6,6,9,4,4,4,3,3,3,6,6,6,6,4,4,4,3,3,3,6,8,8,4,4,4,4,3,3,3,6,8,8,8,8,4,4,3,3,3,8,8,8,8,8,4,4","","0,0,0,0,0,1,0,0,0,0,0,0,1,0,0,0,0,0,0,0,0,0,0,0,0,0,0,0,0,1,0,0,0,1,0,0,0,0,0,0,1,0,0,0,0,0,0,0,0,0,0,0,0,0,0,0,1,0,0,0,0,0,0,0,1,0,0,0,0,0,0,0,0,0,0,0,0,0,1,0,0,1,0,0,0,0,0,0,0,0,0,0,0,0,0,0,0,1,0,0"
14,9,"6,6,6,5,5,5,5,5,5,6,6,6,6,2,5,5,5,8,6,6,6,6,2,5,5,5,8,6,6,4,1,2,8,5,8,8,6,4,4,7,2,8,8,8,8,4,4,7,7,7,7,3,3,8,4,4,7,7,7,3,3,3,8,4,4,7,7,7,3,3,8,8,4,0,7,7,3,3,3,3,3","","0,0,1,0,0,0,0,0,0,0,0,0,0,1,0,0,0,0,0,0,0,0,0,0,0,1,0,0,0,0,1,0,0,0,0,0,0,0,0,0,0,0,0,0,1,0,0,0,0,0,1,0,0,0,1,0,0,0,0,0,0,0,0,0,0,0,0,0,0,1,0,0,0,1,0,0,0,0,0,0,0"
15,10,"5,5,5,5,5,3,3,3,3,3,5,5,5,5,5,3,6,3,3,3,5,5,5,5,6,6,6,3,3,3,5,5,5,6,6,6,6,6,7,7,8,6,6,6,6,6,6,7,7,7,8,8,6,6,9,9,6,7,7,7,8,8,2,2,9,9,9,9,4,7,8,8,2,2,2,9,9,1,4,4,8,8,8,8,9,9,9,9,4,4,8,8,0,8,9,4,4,4,4,4","","0,0,0,0,0,0,1,0,0,0,0,1,0,0,0,0,0,0,0,0,0,0,0,0,1,0,0,0,0,0,0,0,0,0,0,0,0,0,1,0,1,0,0,0,0,0,0,0,0,0,0,0,0,0,0,1,0,0,0,0,0,0,0,1,0,0,0,0,0,0,0,0,0,0,0,0,0,1,0,0,0,0,0,0,0,0,0,0,0,1,0,0,1,0,0,0,0,0,0,0"
16,10,"2,5,5,5,5,5,1,1,1,1,2,5,2,5,1,1,1,1,1,1,2,2,2,5,5,5,1,1,1,1,2,2,5,5,5,5,3,1,1,1,2,6,6,6,5,5,3,3,3,3,2,6,6,6,7,7,3,3,3,3,8,6,6,6,6,7,7,3,3,3,8,8,6,6,6,7,7,7,4,3,8,8,0,7,7,7,7,7,4,4,8,8,0,0,9,9,9,9,9,4","","0,0,0,0,1,0,0,0,0,0,0,0,0,0,0,0,0,0,0,1,0,1,0,0,0,0,0,0,0,0,0,0,0,0,0,0,1,0,0,0,0,0,0,1,0,0,0,0,0,0,0,0,0,0,0,1,0,0,0,0,1,0,0,0,0,0,0,0,0,0,0,0,0,0,0,0,0,0,1,0,0,0,1,0,0,0,0,0,0,0,0,0,0,0,0,0,0,1,0,0"
17,9,"2,2,7,7,7,7,7,1,1,2,2,2,7,7,7,7,1,1,2,2,2,2,7,4,4,6,1,2,2,2,4,4,4,4,6,6,2,2,2,4,5,4,4,4,6,2,5,5,5,5,4,8,6,6,5,5,5,8,8,8,8,3,6,5,5,5,0,8,8,8,3,3,5,5,5,0,0,8,3,3,3","","0,0,1,0,0,0,0,0,0,0,0,0,0,0,0,0,1,0,1,0,0,0,0,0,0,0,0,0,0,0,0,1,0,0,0,0,0,0,0,0,0,0,0,0,1,0,1,0,0,0,0,0,0,0,0,0,0,0,0,1,0,0,0,0,0,0,1,0,0,0,0,0,0,0,0,0,0,0,1,0,0"
18,10,"7,7,7,1,9,9,9,9,5,5,7,7,7,9,9,9,9,5,5,5,7,7,7,9,9,0,5,5,5,5,8,8,2,2,9,6,6,6,5,5,8,8,8,9,9,6,6,6,5,3,8,8,8,9,9,6,6,6,6,3,8,8,8,8,8,3,6,6,6,3,4,8,4,3,3,3,3,3,6,3,4,4,4,4,4,3,3,3,3,3,4,4,4,4,4,4,4,3,3,3","","0,0,0,1,0,0,0,0,0,0,1,0,0,0,0,0,0,0,0,0,0,0,0,0,0,1,0,0,0,0,0,0,1,0,0,0,0,0,0,0,0,0,0,0,0,0,0,0,1,0,0,0,0,0,1,0,0,0,0,0,0,0,0,0,0,0,0,1,0,0,0,1,0,0,0,0,0,0,0,0,0,0,0,0,0,0,0,0,0,1,0,0,0,0,0,0,1,0,0,0"
19,10,"7,7,7,2,2,5,5,5,5,5,7,7,7,7,2,5,1,5,5,5,7,7,7,7,2,5,5,5,5,9,7,7,7,8,8,9,9,9,9,9,8,7,7,8,8,8,9,6,9,9,8,7,7,8,8,8,6,6,9,9,8,8,8,8,6,6,6,6,9,9,4,8,8,4,6,6,6,6,3,9,4,4,4,4,0,6,3,3,3,3,4,4,4,4,6,6,3,3,3,3","","0,0,0,1,0,0,0,0,0,0,0,0,0,0,0,0,1,0,0,0,0,0,0,0,0,0,0,0,1,0,0,0,0,0,0,1,0,0,0,0,0,1,0,0,0,0,0,0,0,0,0,0,0,0,0,0,0,1,0,0,0,0,1,0,0,0,0,0,0,0,1,0,0,0,0,0,0,0,0,0,0,0,0,0,1,0,0,0,0,0,0,0,0,0,0,0,0,0,0,1"
20,8,"0,0,0,3,3,3,3,3,0,0,0,4,3,3,3,3,5,5,0,4,3,3,1,3,5,4,4,4,3,3,1,3,5,5,6,4,3,1,1,3,2,5,6,4,3,1,1,1,2,2,6,6,6,6,1,1,2,2,7,7,7,7,7,1","","0,0,1,0,0,0,0,0,0,0,0,0,0,0,0,1,0,1,0,0,0,0,0,0,0,0,0,1,0,0,0,0,0,0,0,0,0,1,0,0,1,0,0,0,0,0,0,0,0,0,0,0,1,0,0,0,0,0,0,0,0,0,1,0"
21,8,"3,3,3,1,7,7,5,5,3,3,3,3,7,7,5,5,6,6,7,7,7,5,5,5,6,6,6,7,2,5,5,5,0,6,6,6,2,2,5,5,4,4,4,6,6,2,5,5,4,4,4,4,6,6,6,5,4,4,4,4,4,6,6,5","","0,0,0,1,0,0,0,0,0,1,0,0,0,0,0,0,0,0,0,0,1,0,0,0,0,0,0,0,0,0,0,1,1,0,0,0,0,0,0,0,0,0,0,0,0,1,0,0,0,0,1,0,0,0,0,0,0,0,0,0,0,0,1,0"
22,10,"3,3,3,3,8,5,5,5,5,5,3,3,3,8,8,8,8,8,5,5,3,3,3,3,8,8,8,5,5,5,3,7,7,8,8,8,8,5,5,5,7,7,7,7,8,2,8,5,5,6,7,7,7,7,7,2,9,9,6,6,4,7,7,7,7,9,1,9,6,6,4,0,4,4,4,9,9,9,6,6,4,4,4,4,9,9,9,6,6,6,4,4,4,9,9,9,9,6,6,6","","0,0,0,1,0,0,0,0,0,0,0,0,0,0,0,0,0,1,0,0,0,0,0,0,0,0,0,0,0,1,0,0,1,0,0,0,0,0,0,0,0,0,0,0,0,1,0,0,0,0,0,0,0,0,0,0,0,0,1,0,0,0,0,0,0,0,1,0,0,0,0,1,0,0,0,0,0,0,0,0,0,0,0,0,1,0,0,0,0,0,1,0,0,0,0,0,0,0,0,0"
23,10,"5,0,5,8,8,8,3,3,3,3,5,5,5,8,8,8,8,8,3,3,5,9,9,9,8,8,7,7,7,3,5,9,9,8,8,8,7,7,7,3,6,9,9,8,8,8,8,7,3,3,6,9,9,2,2,2,2,7,3,3,6,9,9,9,6,6,2,4,4,4,6,6,1,6,6,4,4,4,4,4,6,6,6,6,6,4,4,4,4,4,6,6,6,6,4,4,4,4,4,4","","0,1,0,0,0,0,0,0,0,0,0,0,0,0,0,1,0,0,0,0,0,0,0,1,0,0,0,0,0,0,1,0,0,0,0,0,0,0,0,0,0,0,0,0,0,0,0,1,0,0,0,0,0,0,0,0,0,0,0,1,0,0,0,0,0,0,1,0,0,0,0,0,1,0,0,0,0,0,0,0,0,0,0,0,1,0,0,0,0,0,0,0,0,0,0,0,0,0,1,0"
24,9,"4,4,4,4,8,8,8,8,8,4,4,4,4,4,8,8,8,8,4,4,4,4,6,6,1,8,8,4,4,6,6,6,6,2,2,8,3,6,6,6,6,5,5,2,8,3,6,6,6,7,7,5,5,8,3,3,7,6,7,5,5,5,5,3,3,7,7,7,7,7,5,0,3,3,3,3,7,5,5,5,5","","0,0,0,0,1,0,0,0,0,0,1,0,0,0,0,0,0,0,0,0,0,0,0,0,1,0,0,0,0,0,1,0,0,0,0,0,0,0,0,0,0,0,0,1,0,1,0,0,0,0,0,0,0,0,0,0,1,0,0,0,0,0,0,0,0,0,0,0,0,0,0,1,0,0,0,0,0,1,0,0,0"
25,10,"5,4,4,4,4,4,2,2,2,2,5,5,4,4,4,2,2,2,2,2,5,5,9,4,4,2,2,2,2,7,5,5,9,4,4,2,4,7,7,7,5,9,9,9,4,4,4,7,7,7,9,9,9,9,9,6,4,7,7,7,1,1,1,6,6,6,6,6,7,3,1,1,8,6,6,6,6,6,3,3,8,8,8,8,8,6,6,3,3,3,0,8,8,8,8,8,3,3,3,3","","0,0,0,0,0,0,0,1,0,0,0,1,0,0,0,0,0,0,0,0,0,0,0,0,0,0,0,0,0,1,0,0,0,0,0,0,1,0,0,0,0,0,0,1,0,0,0,0,0,0,0,0,0,0,0,1,0,0,0,0,0,0,1,0,0,0,0,0,0,0,0,0,0,0,0,0,0,0,1,0,0,0,0,0,1,0,0,0,0,0,1,0,0,0,0,0,0,0,0,0"
26,10,"8,8,3,3,3,1,1,1,1,1,8,3,3,3,3,1,1,1,1,1,8,3,3,3,4,4,1,1,1,1,0,3,9,4,4,4,1,1,6,1,0,3,9,7,4,4,1,6,6,6,0,0,9,7,7,4,4,6,6,6,9,9,9,7,7,4,6,6,6,6,5,5,9,9,7,6,6,6,2,6,5,5,5,9,7,7,2,2,2,6,5,5,5,5,7,2,2,2,2,2","","0,1,0,0,0,0,0,0,0,0,0,0,0,0,1,0,0,0,0,0,0,0,0,0,0,0,0,1,0,0,1,0,0,0,0,0,0,0,0,0,0,0,0,0,0,0,0,0,0,1,0,0,0,0,0,0,1,0,0,0,0,0,1,0,0,0,0,0,0,0,0,0,0,0,0,0,0,0,1,0,0,0,0,0,0,1,0,0,0,0,0,0,0,1,0,0,0,0,0,0"
27,9,"3,3,8,8,8,8,8,1,4,3,3,8,3,8,6,4,4,4,3,3,3,3,6,6,4,4,4,3,3,3,6,6,6,4,4,4,5,3,6,6,6,6,4,7,4,5,5,6,6,6,6,4,7,7,5,5,6,6,6,7,4,7,7,0,5,5,6,2,7,7,7,7,5,5,5,5,2,2,7,7,7","","0,0,0,0,0,0,0,1,0,0,0,0,0,1,0,0,0,0,0,0,1,0,0,0,0,0,0,0,0,0,0,0,0,1,0,0,0,0,0,1,0,0,0,0,0,0,1,0,0,0,0,0,0,0,0,0,0,0,0,0,0,0,1,1,0,0,0,0,0,0,0,0,0,0,0,0,0,1,0,0,0"
28,10,"4,4,4,4,4,5,5,5,5,5,4,4,4,4,4,6,5,5,5,5,4,4,7,4,6,6,5,5,5,5,4,0,7,6,6,1,8,8,5,5,7,7,7,6,6,1,8,8,8,3,7,7,6,6,8,8,8,3,3,3,7,7,7,6,8,8,8,8,3,3,2,7,6,6,6,6,9,9,3,3,2,2,6,6,9,9,9,3,3,3,2,2,2,6,9,9,9,9,3,3","","0,0,0,1,0,0,0,0,0,0,0,0,0,0,0,0,0,0,1,0,0,0,0,0,1,0,0,0,0,0,0,1,0,0,0,0,0,0,0,0,0,0,0,0,0,1,0,0,0,0,1,0,0,0,0,0,0,0,0,0,0,0,0,0,0,0,0,1,0,0,0,0,0,0,0,0,0,0,0,1,0,0,0,0,0,0,1,0,0,0,0,0,1,0,0,0,0,0,0,0"
29,10,"4,4,4,8,8,8,3,3,1,3,4,4,8,8,8,3,3,3,3,3,0,4,4,7,8,8,8,3,3,3,4,4,4,7,7,5,5,3,3,5,4,4,7,7,7,5,5,5,3,5,9,9,9,7,5,5,5,5,5,5,9,9,9,7,7,6,6,5,5,6,9,9,7,7,7,6,6,5,5,6,9,9,7,2,2,6,6,6,6,6,9,9,2,2,2,2,6,6,6,6","","0,0,0,0,0,0,0,0,1,0,0,0,0,1,0,0,0,0,0,0,1,0,0,0,0,0,0,0,0,0,0,0,0,0,0,0,0,1,0,0,0,1,0,0,0,0,0,0,0,0,0,0,0,0,0,0,1,0,0,0,0,0,1,0,0,0,0,0,0,0,0,0,0,0,1,0,0,0,0,0,0,0,0,0,0,0,0,0,0,1,0,0,0,0,0,1,0,0,0,0"
30,9,"3,1,3,3,3,4,4,4,4,3,3,3,3,7,4,4,4,4,3,3,7,7,7,7,7,7,4,5,7,7,7,7,7,7,4,4,5,7,7,7,8,8,8,4,8,5,7,5,2,8,2,8,8,8,5,5,5,2,2,2,8,8,0,5,5,6,6,6,6,8,8,6,5,5,5,5,6,6,6,6,6","","0,1,0,0,0,0,0,0,0,0,0,0,0,0,0,0,1,0,1,0,0,0,0,0,0,0,0,0,0,0,0,1,0,0,0,0,0,0,0,0,0,0,1,0,0,0,0,0,1,0,0,0,0,0,0,0,0,0,0,0,0,0,1,0,0,0,0,0,1,0,0,0,0,0,1,0,0,0,0,0,0"
31,8,"7,7,7,7,3,3,3,3,4,0,7,7,7,3,3,3,4,4,4,4,4,3,3,3,4,6,6,4,4,3,5,3,4,6,6,6,2,5,5,5,6,6,2,2,2,2,5,5,6,6,1,2,5,5,5,5,6,6,6,5,5,5,5,5","","0,0,0,1,0,0,0,0,0,1,0,0,0,0,0,0,0,0,0,0,0,0,1,0,0,0,0,0,1,0,0,0,0,0,0,0,0,0,0,1,0,0,0,0,0,1,0,0,0,0,1,0,0,0,0,0,1,0,0,0,0,0,0,0"
32,10,"2,2,2,2,6,6,6,6,3,3,2,2,6,6,6,6,3,3,3,3,2,2,6,6,6,6,5,5,3,3,2,2,2,4,6,5,5,5,5,3,2,2,2,4,9,5,5,5,8,8,2,4,4,4,9,5,5,5,8,8,2,4,4,4,9,9,9,8,8,8,4,4,7,4,9,9,9,8,8,8,7,7,7,7,9,9,9,8,0,8,7,7,7,7,7,7,1,1,8,8","","1,0,0,0,0,0,0,0,0,0,0,0,0,0,0,0,0,1,0,0,0,0,0,1,0,0,0,0,0,0,0,0,0,0,0,1,0,0,0,0,0,0,0,0,0,0,0,0,0,1,0,1,0,0,0,0,0,0,0,0,0,0,0,0,1,0,0,0,0,0,0,0,1,0,0,0,0,0,0,0,0,0,0,0,0,0,0,0,1,0,0,0,0,0,0,0,1,0,0,0"
33,10,"3,3,8,8,8,8,7,5,5,5,3,3,8,8,8,7,7,5,5,5,3,9,8,8,7,7,5,5,7,5,3,9,9,4,4,7,7,7,7,5,9,9,9,4,4,4,4,7,5,5,9,1,9,9,4,7,7,7,5,5,9,6,6,0,4,4,7,7,5,5,6,6,6,6,4,4,4,4,5,5,6,6,6,6,4,4,4,5,5,2,6,6,6,6,6,4,4,2,2,2","","0,0,0,0,0,1,0,0,0,0,0,0,0,0,0,0,0,0,1,0,1,0,0,0,0,0,0,0,0,0,0,0,1,0,0,0,0,0,0,0,0,0,0,0,0,0,0,1,0,0,0,1,0,0,0,0,0,0,0,0,0,0,0,1,0,0,0,0,0,0,0,0,0,0,0,0,1,0,0,0,0,0,0,0,0,0,0,0,0,1,0,0,0,0,1,0,0,0,0,0"
34,9,"3,3,3,3,3,3,5,7,7,3,3,3,5,5,5,5,5,7,8,3,3,1,5,5,5,7,7,8,8,3,5,5,0,5,7,2,8,8,8,6,6,6,5,2,2,8,8,8,6,6,6,5,2,2,8,4,4,4,6,6,6,2,6,8,4,4,4,4,6,6,6,6,4,4,4,4,4,4,6,6,6","","0,0,0,0,0,0,0,1,0,0,1,0,0,0,0,0,0,0,0,0,0,1,0,0,0,0,0,0,0,0,0,0,1,0,0,0,0,0,0,0,0,0,0,0,1,0,0,0,0,0,0,1,0,0,0,0,0,0,1,0,0,0,0,1,0,0,0,0,0,0,0,0,0,0,1,0,0,0,0,0,0"
35,10,"4,4,9,9,9,9,8,2,2,2,4,4,0,9,9,9,8,2,2,2,4,4,5,9,8,8,8,8,2,6,7,5,5,5,5,5,8,8,2,6,7,7,7,5,5,8,8,8,6,6,7,7,7,5,5,5,8,6,6,3,7,7,7,5,5,6,6,6,3,3,1,1,7,7,5,6,6,6,3,3,1,7,7,7,5,3,3,3,3,3,1,7,3,3,3,3,3,3,3,3","","0,0,0,0,0,1,0,0,0,0,0,0,1,0,0,0,0,0,0,0,1,0,0,0,0,0,0,0,0,0,0,0,0,0,0,0,0,0,1,0,0,0,0,0,0,0,1,0,0,0,0,0,0,0,1,0,0,0,0,0,0,0,0,0,0,0,0,1,0,0,0,1,0,0,0,0,0,0,0,0,0,0,0,1,0,0,0,0,0,0,0,0,0,0,0,0,0,0,0,1"
36,10,"9,9,9,9,9,4,4,4,4,4,2,2,2,9,9,9,6,4,4,4,2,2,9,9,9,6,6,4,4,4,6,6,6,9,9,6,6,8,8,8,5,6,6,6,6,6,6,6,8,8,5,7,7,7,6,6,8,6,8,0,5,5,7,7,8,8,8,8,8,3,5,5,5,7,7,7,7,1,8,3,5,5,5,7,5,7,7,3,3,3,5,5,5,5,5,7,7,3,3,3","","0,0,0,0,0,0,1,0,0,0,0,1,0,0,0,0,0,0,0,0,0,0,0,0,1,0,0,0,0,0,0,0,1,0,0,0,0,0,0,0,1,0,0,0,0,0,0,0,0,0,0,0,0,0,0,0,0,0,0,1,0,0,0,0,0,1,0,0,0,0,0,0,0,0,0,0,0,1,0,0,0,0,0,1,0,0,0,0,0,0,0,0,0,0,0,0,0,0,1,0"
37,9,"8,8,8,8,0,3,3,3,3,8,8,0,0,0,4,3,4,3,5,5,5,5,4,4,3,4,3,5,5,6,6,4,4,4,4,1,2,6,6,6,4,4,7,1,1,2,6,6,6,4,4,7,1,1,2,6,6,6,6,7,7,1,1,2,7,7,7,7,7,1,1,1,2,7,7,7,7,1,1,1,1","","0,0,1,0,0,0,0,0,0,0,0,0,0,1,0,0,0,0,0,0,0,0,0,0,0,0,1,0,1,0,0,0,0,0,0,0,0,0,0,0,0,1,0,0,0,0,0,0,1,0,0,0,0,0,0,0,0,0,0,0,1,0,0,1,0,0,0,0,0,0,0,0,0,0,0,0,0,0,0,1,0"
38,10,"9,9,9,9,4,4,4,4,4,4,9,9,9,7,7,7,4,4,1,8,9,7,7,7,7,7,7,4,8,8,2,2,2,7,7,7,7,8,8,8,2,2,2,7,7,6,8,8,8,8,5,5,6,6,6,6,6,3,3,8,5,5,5,5,6,6,6,6,3,3,5,5,5,5,6,3,0,6,6,3,5,5,5,5,3,3,6,6,3,3,5,5,5,5,3,3,3,3,3,3","","0,0,0,0,0,1,0,0,0,0,0,0,0,0,0,0,0,0,1,0,1,0,0,0,0,0,0,0,0,0,0,0,0,1,0,0,0,0,0,0,0,1,0,0,0,0,0,0,0,0,0,0,0,0,0,0,0,0,0,1,0,0,0,0,1,0,0,0,0,0,0,0,0,0,0,0,1,0,0,0,0,0,1,0,0,0,0,0,0,0,0,0,0,0,0,0,0,1,0,0"
39,10,"2,2,2,2,8,8,8,8,8,3,2,2,2,2,8,8,8,8,8,3,5,2,2,2,8,8,7,8,8,3,5,5,5,5,5,8,7,3,8,3,5,5,5,9,9,7,7,3,3,3,5,5,9,9,9,7,7,7,3,3,5,5,9,9,9,9,7,7,3,6,4,5,9,4,4,9,9,6,6,6,4,4,4,4,4,9,0,1,6,6,4,4,4,4,1,1,1,1,6,6","","0,1,0,0,0,0,0,0,0,0,0,0,0,0,0,0,0,0,1,0,1,0,0,0,0,0,0,0,0,0,0,0,0,0,0,0,0,1,0,0,0,0,0,0,0,1,0,0,0,0,0,0,1,0,0,0,0,0,0,0,0,0,0,0,0,0,0,0,0,1,0,0,0,1,0,0,0,0,0,0,0,0,0,0,0,0,1,0,0,0,0,0,0,0,1,0,0,0,0,0"
40,8,"3,3,3,3,5,6,6,0,3,1,3,3,5,6,6,0,1,1,3,5,5,6,0,0,1,1,3,7,5,6,6,6,1,1,7,7,5,5,6,6,1,1,1,7,5,2,6,4,1,1,1,7,2,2,2,4,1,1,7,7,2,4,4,4","","0,1,0,0,0,0,0,0,0,0,0,0,0,0,0,1,0,0,0,1,0,0,0,0,0,0,0,0,0,1,0,0,0,0,1,0,0,0,0,0,1,0,0,0,0,0,0,0,0,0,0,0,1,0,0,0,0,0,0,0,0,0,1,0"
41,8,"2,2,5,5,5,4,4,0,2,2,5,5,5,4,4,4,2,2,7,7,5,4,4,4,2,7,7,5,5,4,6,4,2,7,7,7,7,1,6,6,2,7,7,7,7,1,6,6,3,7,7,3,7,6,6,6,3,3,3,3,6,6,6,6","","0,0,0,0,0,0,0,1,0,1,0,0,0,0,0,0,0,0,0,0,0,0,1,0,0,0,0,1,0,0,0,0,0,0,0,0,0,1,0,0,0,0,1,0,0,0,0,0,1,0,0,0,0,0,0,0,0,0,0,0,1,0,0,0"
42,10,"3,3,6,6,6,6,6,6,6,6,3,3,6,6,6,6,6,6,6,1,3,3,3,6,6,6,6,8,1,1,3,7,3,3,3,4,8,8,8,8,7,7,7,7,4,4,8,8,8,8,7,7,7,7,4,4,8,8,8,5,2,2,7,9,4,4,4,8,8,5,2,0,2,9,9,4,4,4,5,5,2,2,2,9,9,9,4,5,5,5,2,2,9,9,9,9,5,5,5,5","","0,0,0,0,0,0,1,0,0,0,0,0,0,0,0,0,0,0,0,1,0,0,0,0,0,0,0,1,0,0,0,0,0,0,1,0,0,0,0,0,0,0,1,0,0,0,0,0,0,0,0,0,0,0,0,1,0,0,0,0,0,0,0,1,0,0,0,0,0,0,0,1,0,0,0,0,0,0,0,0,0,0,0,0,0,0,0,0,1,0,1,0,0,0,0,0,0,0,0,0"
43,10,"2,2,2,2,7,9,9,3,3,3,2,2,7,2,7,9,9,3,3,3,2,2,7,7,7,9,9,9,9,3,2,2,7,7,9,9,6,6,9,3,2,2,7,7,4,6,6,6,6,3,4,2,4,7,4,6,6,6,6,3,4,4,4,4,4,6,6,6,8,3,4,5,4,4,5,5,8,8,8,8,5,5,5,5,5,1,8,8,8,8,5,5,5,5,5,1,8,0,8,8","","0,0,0,1,0,0,0,0,0,0,0,0,0,0,0,0,0,0,0,1,0,0,1,0,0,0,0,0,0,0,0,0,0,0,1,0,0,0,0,0,0,0,0,0,0,0,1,0,0,0,1,0,0,0,0,0,0,0,0,0,0,0,0,0,0,0,0,0,1,0,0,1,0,0,0,0,0,0,0,0,0,0,0,0,0,1,0,0,0,0,0,0,0,0,0,0,0,1,0,0"
44,9,"6,6,6,6,6,6,4,4,4,6,6,6,1,1,4,4,4,4,6,6,6,1,4,4,5,5,4,8,8,6,8,4,5,5,5,4,8,8,8,8,5,5,5,5,5,8,0,3,3,7,7,7,5,2,8,3,3,7,7,2,7,5,2,8,3,7,7,7,2,2,5,2,3,3,7,2,2,2,2,2,2","","0,0,0,0,0,0,0,1,0,0,0,0,0,1,0,0,0,0,0,0,1,0,0,0,0,0,0,0,0,0,0,0,1,0,0,0,0,0,0,1,0,0,0,0,0,0,1,0,0,0,0,0,0,0,0,0,0,0,0,0,1,0,0,0,0,0,0,0,0,0,0,1,1,0,0,0,0,0,0,0,0"
45,10,"5,5,5,5,5,5,3,3,3,3,5,5,8,8,5,5,3,3,3,3,5,5,8,8,8,8,6,3,0,3,5,8,8,8,8,8,6,6,3,3,8,8,8,8,6,8,6,6,6,9,8,8,2,6,6,6,6,6,9,9,7,8,2,9,9,9,9,9,9,9,7,8,7,7,7,4,4,4,9,9,7,7,7,7,7,7,1,4,4,4,7,7,7,7,7,7,4,4,4,4","","0,0,0,0,0,0,0,1,0,0,1,0,0,0,0,0,0,0,0,0,0,0,0,0,0,0,0,0,1,0,0,1,0,0,0,0,0,0,0,0,0,0,0,0,1,0,0,0,0,0,0,0,1,0,0,0,0,0,0,0,0,0,0,0,0,1,0,0,0,0,0,0,0,1,0,0,0,0,0,0,0,0,0,0,0,0,1,0,0,0,0,0,0,0,0,0,0,0,0,1"
46,10,"3,3,3,3,3,8,8,4,4,4,3,3,3,3,8,8,8,8,8,4,3,3,8,8,8,8,4,4,4,4,3,3,6,6,6,8,2,4,4,4,0,3,6,6,6,8,2,4,4,4,5,6,6,6,6,6,2,4,7,7,5,6,6,6,9,9,2,7,7,7,5,5,9,9,1,9,9,7,7,7,5,5,5,9,9,9,9,7,7,7,5,5,5,9,9,7,7,7,7,7","","0,0,1,0,0,0,0,0,0,0,0,0,0,0,0,0,0,1,0,0,0,0,0,0,0,0,0,0,0,1,0,0,0,0,0,0,1,0,0,0,1,0,0,0,0,0,0,0,0,0,0,0,0,0,0,1,0,0,0,0,0,0,0,0,0,0,0,0,1,0,0,0,0,0,1,0,0,0,0,0,0,1,0,0,0,0,0,0,0,0,0,0,0,1,0,0,0,0,0,0"
47,9,"4,4,4,4,7,7,7,3,3,4,4,7,4,7,3,3,3,3,4,4,7,7,7,0,3,3,3,4,4,4,8,7,6,6,5,3,8,4,8,8,7,6,6,5,5,8,8,8,8,8,6,6,5,1,8,2,8,8,8,6,6,5,5,8,2,2,2,6,6,6,6,5,8,8,2,6,6,5,5,5,5","","0,0,0,0,0,0,0,1,0,0,0,1,0,0,0,0,0,0,0,0,0,0,0,1,0,0,0,1,0,0,0,0,0,0,0,0,0,0,0,1,0,0,0,0,0,0,0,0,0,0,0,0,0,1,0,1,0,0,0,0,0,0,0,0,0,0,0,1,0,0,0,0,0,0,0,0,0,0,1,0,0"
48,10,"3,3,3,3,3,5,5,5,5,5,3,3,3,3,3,3,3,5,5,5,3,3,3,3,3,1,5,5,5,5,7,7,3,7,1,1,5,5,5,5,7,7,7,7,1,1,9,5,5,9,2,7,6,6,6,9,9,9,9,9,2,7,7,0,6,6,9,9,9,9,2,7,6,6,6,8,8,9,9,9,2,2,6,8,8,8,8,4,4,4,2,2,2,8,8,8,8,8,4,4","","0,0,0,0,1,0,0,0,0,0,0,0,0,0,0,0,0,1,0,0,0,0,0,0,0,1,0,0,0,0,0,1,0,0,0,0,0,0,0,0,0,0,0,0,0,0,0,0,0,1,1,0,0,0,0,0,0,0,0,0,0,0,0,1,0,0,0,0,0,0,0,0,0,0,0,0,1,0,0,0,0,0,1,0,0,0,0,0,0,0,0,0,0,0,0,0,0,0,1,0"
49,10,"2,2,2,6,6,6,6,1,1,1,2,2,2,6,6,6,6,6,6,1,2,2,2,6,6,6,1,1,1,1,2,5,2,6,6,6,1,7,1,1,5,5,2,5,6,7,1,7,7,7,5,5,5,5,3,7,7,7,7,7,5,5,5,3,3,3,3,3,3,4,5,5,5,3,3,3,3,9,4,4,0,8,5,3,3,3,3,9,4,4,0,8,8,8,8,8,8,8,4,4","","0,0,0,0,0,1,0,0,0,0,0,0,1,0,0,0,0,0,0,0,0,0,0,0,0,0,1,0,0,0,0,1,0,0,0,0,0,0,0,0,0,0,0,0,0,0,0,0,1,0,0,0,0,0,1,0,0,0,0,0,0,0,0,0,0,0,0,0,0,1,0,0,0,0,0,0,0,1,0,0,1,0,0,0,0,0,0,0,0,0,0,0,0,1,0,0,0,0,0,0"
50,9,"4,4,4,4,4,1,1,1,1,2,4,2,2,4,1,4,1,1,2,2,2,7,4,4,4,1,1,2,2,7,7,3,4,4,1,1,7,7,7,7,3,3,4,1,3,7,7,7,8,3,3,3,3,3,7,8,8,8,6,3,3,3,5,0,8,0,6,6,3,5,5,5,0,0,0,6,6,5,5,5,5","","0,0,0,0,0,0,0,1,0,1,0,0,0,0,0,0,0,0,0,0,0,0,0,0,1,0,0,0,0,1,0,0,0,0,0,0,0,0,0,0,0,1,0,0,0,0,0,0,1,0,0,0,0,0,0,0,0,0,0,0,0,0,1,0,0,0,0,1,0,0,0,0,0,1,0,0,0,0,0,0,0"
51,6,"4,4,4,3,3,3,4,4,3,3,3,3,4,4,3,2,5,5,4,4,3,2,5,5,4,1,2,2,5,5,4,4,2,2,0,5","","1,0,0,0,0,0,0,0,1,0,0,0,0,0,0,0,0,1,0,0,0,1,0,0,0,1,0,0,0,0,0,0,0,0,1,0"
52,8,"5,5,5,5,2,2,2,2,5,5,5,4,4,2,2,2,5,5,4,4,4,2,2,2,5,5,4,4,4,6,6,2,1,7,4,4,6,6,6,6,1,7,7,4,6,6,6,6,1,1,7,7,7,3,3,3,7,7,7,7,7,0,3,3","","0,0,0,0,1,0,0,0,0,1,0,0,0,0,0,0,0,0,0,1,0,0,0,0,0,0,0,0,0,0,1,0,1,0,0,0,0,0,0,0,0,0,1,0,0,0,0,0,0,0,0,0,0,0,0,1,0,0,0,0,0,1,0,0"
53,8,"5,5,5,5,4,4,4,4,5,5,5,5,5,4,4,4,5,5,1,1,1,4,4,4,3,3,1,7,1,7,4,4,3,3,3,7,1,7,4,4,3,3,6,7,7,7,2,4,3,6,6,7,7,6,2,4,3,0,6,6,6,6,2,2","","0,0,0,1,0,0,0,0,0,0,0,0,0,0,0,1,0,0,0,0,1,0,0,0,1,0,0,0,0,0,0,0,0,0,0,0,0,1,0,0,0,0,1,0,0,0,0,0,0,0,0,0,0,0,1,0,0,1,0,0,0,0,0,0"
54,8,"7,7,7,7,7,2,2,2,4,7,7,7,7,2,2,2,4,4,7,7,7,2,6,0,5,5,7,7,7,6,6,6,5,5,5,1,6,6,3,6,5,5,5,1,6,6,3,3,5,5,5,3,3,3,3,3,5,3,3,3,3,3,3,3","","0,0,0,0,0,0,1,0,1,0,0,0,0,0,0,0,0,0,0,0,0,0,0,1,0,0,1,0,0,0,0,0,0,0,0,0,0,1,0,0,0,0,0,1,0,0,0,0,0,1,0,0,0,0,0,0,0,0,0,0,1,0,0,0"
55,9,"4,4,4,4,4,8,2,2,2,4,4,4,4,8,8,8,0,2,4,4,4,4,8,8,5,2,2,4,4,4,8,8,8,5,2,2,7,7,7,8,5,5,5,5,3,7,7,7,7,7,7,5,5,3,1,7,7,7,6,5,5,3,3,1,7,6,7,6,6,6,3,3,1,6,6,6,6,6,3,3,3","","0,1,0,0,0,0,0,0,0,0,0,0,0,0,0,0,1,0,0,0,0,0,1,0,0,0,0,0,0,0,0,0,0,0,0,1,0,0,0,0,0,1,0,0,0,0,0,0,1,0,0,0,0,0,1,0,0,0,0,0,0,0,0,0,0,1,0,0,0,0,0,0,0,0,0,0,0,0,1,0,0"
56,9,"2,5,5,5,5,5,5,5,5,2,2,2,5,5,5,5,5,5,2,2,2,8,5,5,8,8,8,4,4,2,8,8,8,8,1,0,4,4,2,2,8,8,1,1,1,4,2,2,3,8,7,7,1,6,4,4,3,3,3,7,6,6,6,4,3,3,3,3,7,7,7,6,3,3,3,3,3,3,7,7,6","","0,0,0,0,1,0,0,0,0,0,1,0,0,0,0,0,0,0,0,0,0,1,0,0,0,0,0,0,0,0,0,0,0,0,0,1,0,0,0,0,0,0,1,0,0,1,0,0,0,0,0,0,0,0,0,0,0,0,0,0,0,1,0,0,0,0,0,0,1,0,0,0,0,0,1,0,0,0,0,0,0"
57,8,"1,1,1,6,3,3,3,3,1,1,6,6,6,6,7,7,1,5,5,6,7,7,7,7,1,5,5,5,0,0,7,7,5,5,5,2,0,4,4,4,5,2,2,2,2,2,4,4,2,2,4,4,2,2,2,4,2,2,2,4,4,4,4,4","","0,0,0,0,0,1,0,0,0,1,0,0,0,0,0,0,0,0,0,1,0,0,0,0,0,0,0,0,0,0,1,0,0,0,0,0,1,0,0,0,1,0,0,0,0,0,0,0,0,0,0,0,0,0,0,1,0,0,1,0,0,0,0,0"
58,8,"2,2,2,7,7,4,4,4,2,2,7,7,4,4,4,4,2,7,7,5,4,4,4,4,2,5,5,5,6,4,4,4,2,5,5,5,6,6,4,4,2,5,3,5,6,1,1,1,3,3,3,6,6,6,6,1,3,3,0,6,6,6,6,6","","0,0,0,0,1,0,0,0,0,1,0,0,0,0,0,0,0,0,0,0,0,0,1,0,0,0,0,1,0,0,0,0,0,0,0,0,0,1,0,0,0,0,0,0,0,0,0,1,1,0,0,0,0,0,0,0,0,0,1,0,0,0,0,0"
59,8,"3,3,3,3,5,5,5,1,3,3,3,3,5,5,1,1,3,6,3,3,5,5,4,4,6,6,5,5,5,4,4,4,6,6,2,5,5,4,4,4,6,2,2,5,7,7,4,4,2,2,7,7,7,7,4,0,2,2,2,2,7,7,4,4","","1,0,0,0,0,0,0,0,0,0,0,0,0,0,1,0,0,1,0,0,0,0,0,0,0,0,0,1,0,0,0,0,0,0,0,0,0,1,0,0,0,0,1,0,0,0,0,0,0,0,0,0,0,0,0,1,0,0,0,0,1,0,0,0"
60,5,"3,3,1,1,1,3,1,1,4,4,3,3,4,4,2,0,0,0,4,2,0,2,2,2,2","","0,0,1,0,0,1,0,0,0,0,0,0,0,1,0,0,1,0,0,0,0,0,0,0,1"
61,10,"5,1,5,5,8,8,8,2,2,2,5,5,5,5,8,8,8,8,8,2,5,5,5,5,8,8,8,8,6,6,5,5,5,8,8,8,8,6,6,6,7,7,7,8,7,7,8,4,6,6,3,7,7,7,7,7,4,4,0,6,3,7,7,7,4,4,4,4,4,6,3,3,7,7,4,9,4,4,6,6,3,3,3,7,4,9,9,9,6,6,3,3,9,9,9,9,9,6,6,6","","0,1,0,0,0,0,0,0,0,0,0,0,0,0,0,0,0,0,0,1,0,0,0,1,0,0,0,0,0,0,0,0,0,0,0,0,1,0,0,0,0,0,1,0,0,0,0,0,0,0,0,0,0,0,0,0,0,0,1,0,0,0,0,0,1,0,0,0,0,0,1,0,0,0,0,0,0,0,0,0,0,0,0,0,0,1,0,0,0,0,0,0,0,0,0,0,0,1,0,0"
62,8,"5,5,1,7,7,3,3,3,5,7,7,7,3,3,3,3,5,5,7,7,3,3,3,3,5,5,5,7,3,3,4,4,5,5,5,2,2,4,4,4,5,5,5,6,6,6,6,4,6,5,6,6,4,4,4,4,6,6,6,6,4,0,4,4","","0,0,1,0,0,0,0,0,0,0,0,0,0,0,1,0,0,0,0,1,0,0,0,0,0,1,0,0,0,0,0,0,0,0,0,0,1,0,0,0,0,0,0,0,0,0,0,1,1,0,0,0,0,0,0,0,0,0,0,0,0,1,0,0"
63,9,"4,4,4,4,4,4,5,1,3,4,4,4,5,5,4,5,3,3,4,4,4,4,5,5,5,3,3,8,8,8,5,5,5,0,3,3,8,8,8,8,5,5,3,3,6,8,8,8,8,5,5,3,6,6,7,7,7,8,8,5,3,3,6,7,7,2,8,8,6,6,6,6,7,7,2,8,6,6,6,6,6","","0,0,0,0,0,0,0,1,0,0,1,0,0,0,0,0,0,0,0,0,0,0,0,0,0,0,1,0,0,0,0,0,0,1,0,0,0,0,0,1,0,0,0,0,0,0,0,0,0,0,1,0,0,0,1,0,0,0,0,0,0,0,0,0,0,1,0,0,0,0,0,0,0,0,0,0,1,0,0,0,0"
64,9,"2,2,2,2,5,5,4,4,4,2,2,5,5,5,4,4,4,4,2,2,2,5,5,4,4,4,4,2,8,8,5,5,4,4,4,4,8,8,8,8,5,1,6,6,6,3,8,8,8,1,1,1,6,6,3,0,7,7,7,7,1,6,6,3,3,7,7,7,7,6,6,6,3,3,3,7,7,6,6,6,6","","0,0,0,1,0,0,0,0,0,0,0,0,0,0,0,0,1,0,0,0,0,0,1,0,0,0,0,0,0,1,0,0,0,0,0,0,0,0,0,0,0,0,0,0,1,0,0,0,0,0,0,1,0,0,0,1,0,0,0,0,0,0,0,0,0,0,0,0,1,0,0,0,1,0,0,0,0,0,0,0,0"
65,6,"3,3,3,3,3,2,3,3,5,3,2,2,3,5,5,2,2,2,5,5,5,0,4,2,1,5,5,4,4,2,1,1,4,4,4,2","","0,0,1,0,0,0,0,0,0,0,0,1,0,1,0,0,0,0,0,0,0,1,0,0,1,0,0,0,0,0,0,0,0,0,1,0"
66,9,"4,4,4,4,8,8,8,8,8,4,4,4,4,8,8,8,8,0,7,7,4,4,4,7,8,2,2,7,4,4,7,7,7,8,8,2,7,7,7,7,5,7,5,2,2,7,3,3,1,5,5,5,5,6,3,3,3,6,5,5,6,5,6,3,6,6,6,6,5,6,6,6,3,3,3,3,6,6,6,6,6","","0,1,0,0,0,0,0,0,0,0,0,0,0,0,0,0,0,1,0,0,0,0,0,0,1,0,0,0,0,0,0,1,0,0,0,0,0,0,0,0,0,0,0,1,0,0,0,0,1,0,0,0,0,0,0,0,0,0,0,1,0,0,0,0,0,1,0,0,0,0,0,0,1,0,0,0,0,0,0,0,0"
67,7,"3,3,3,5,5,5,5,3,3,3,3,3,6,5,0,6,6,6,6,6,5,6,6,1,6,6,5,5,4,4,6,6,6,2,5,4,4,4,4,4,2,2,4,4,4,4,4,4,4","","0,0,0,0,0,1,0,0,0,0,1,0,0,0,1,0,0,0,0,0,0,0,0,1,0,0,0,0,0,0,0,0,1,0,0,0,0,0,0,0,0,1,0,1,0,0,0,0,0"
68,9,"7,7,7,7,1,2,5,5,5,7,7,7,2,2,2,5,5,5,7,7,7,2,6,5,5,5,5,7,7,6,6,6,5,5,5,5,7,7,6,6,6,6,6,0,5,7,7,4,6,6,6,6,3,5,7,4,4,6,6,6,3,3,3,4,4,8,8,8,8,3,3,3,4,4,4,8,8,8,8,3,3","","0,0,0,0,1,0,0,0,0,0,0,0,0,0,0,1,0,0,0,0,0,1,0,0,0,0,0,0,1,0,0,0,0,0,0,0,0,0,0,0,0,0,0,1,0,0,0,0,0,0,1,0,0,0,0,0,0,0,0,0,0,0,1,0,0,1,0,0,0,0,0,0,1,0,0,0,0,0,0,0,0"
69,8,"6,6,6,5,5,5,5,5,6,6,6,2,5,5,5,5,6,6,2,2,2,7,5,5,6,6,4,2,7,7,1,5,6,4,4,2,0,7,7,3,6,6,4,7,7,7,3,3,6,6,4,4,7,7,3,3,4,4,4,7,7,3,3,3","","0,0,0,1,0,0,0,0,1,0,0,0,0,0,0,0,0,0,1,0,0,0,0,0,0,0,0,0,0,0,1,0,0,0,0,0,1,0,0,0,0,0,0,0,0,0,0,1,0,0,0,0,0,1,0,0,0,1,0,0,0,0,0,0"
70,10,"3,3,3,3,3,7,7,5,5,5,8,8,3,7,7,7,5,5,5,5,8,8,3,3,7,7,5,5,5,5,8,3,3,8,7,7,7,5,5,5,8,8,8,8,6,7,1,1,5,5,2,8,6,6,6,9,9,9,4,5,2,6,6,6,6,9,4,4,4,5,2,2,2,6,6,9,9,4,4,4,0,2,2,6,9,9,4,4,4,4,2,2,9,9,9,9,4,4,4,4","","0,0,0,0,0,0,1,0,0,0,0,1,0,0,0,0,0,0,0,0,0,0,0,1,0,0,0,0,0,0,0,0,0,0,0,0,0,0,0,1,0,0,0,0,0,0,0,1,0,0,0,0,0,0,1,0,0,0,0,0,0,0,0,0,0,0,0,0,1,0,0,0,1,0,0,0,0,0,0,0,1,0,0,0,0,0,0,0,0,0,0,0,0,0,0,1,0,0,0,0"
71,8,"2,2,7,7,7,1,1,1,2,5,5,7,7,1,1,1,2,2,5,5,7,4,1,1,6,6,5,4,4,4,1,1,6,6,5,4,4,4,4,4,6,0,0,3,4,4,4,3,6,0,3,3,3,3,3,3,6,0,0,3,3,3,3,3","","0,0,0,0,1,0,0,0,1,0,0,0,0,0,0,0,0,0,0,1,0,0,0,0,0,0,0,0,0,0,1,0,0,1,0,0,0,0,0,0,0,0,0,0,0,1,0,0,0,0,0,0,0,0,0,1,0,0,1,0,0,0,0,0"
72,8,"6,6,6,3,3,3,3,3,6,6,6,6,3,3,5,3,6,6,6,0,5,5,5,3,2,2,6,5,5,5,3,3,2,7,5,5,5,5,4,4,2,7,7,4,5,1,4,4,2,7,7,4,4,4,4,4,7,7,7,7,7,4,4,4","","0,0,0,0,0,0,1,0,0,1,0,0,0,0,0,0,0,0,0,1,0,0,0,0,1,0,0,0,0,0,0,0,0,0,1,0,0,0,0,0,0,0,0,0,0,1,0,0,0,0,0,0,0,0,0,1,0,0,0,0,1,0,0,0"
73,5,"2,2,2,3,3,2,4,2,2,3,4,4,1,2,3,4,4,1,1,3,0,4,4,3,3","","0,0,1,0,0,0,0,0,0,1,0,1,0,0,0,0,0,0,1,0,1,0,0,0,0"
74,8,"2,2,2,2,5,5,5,5,6,6,6,2,2,5,7,5,6,7,7,7,7,7,7,0,6,6,4,4,7,7,0,0,4,4,4,4,4,4,0,0,4,1,1,1,1,3,3,3,1,1,3,1,3,3,3,3,1,1,3,3,3,3,3,3","","0,0,1,0,0,0,0,0,0,0,0,0,0,0,0,1,0,0,0,0,1,0,0,0,0,1,0,0,0,0,0,0,0,0,0,0,0,0,1,0,1,0,0,0,0,0,0,0,0,0,0,1,0,0,0,0,0,0,0,0,0,1,0,0"
75,10,"9,9,9,1,1,8,8,4,4,4,9,9,9,9,1,8,4,4,5,4,9,6,6,6,1,8,4,4,5,4,9,6,6,8,8,8,8,4,5,4,6,6,6,6,8,8,8,4,5,4,0,6,8,8,8,5,5,5,5,4,3,3,7,8,8,5,5,2,2,2,3,3,7,7,8,5,5,5,2,2,3,3,7,7,7,7,2,2,2,2,3,3,7,7,7,2,2,2,2,2","","0,0,0,0,0,0,0,0,1,0,0,0,1,0,0,0,0,0,0,0,0,0,0,0,1,0,0,0,0,0,0,0,0,0,0,0,1,0,0,0,0,0,0,1,0,0,0,0,0,0,1,0,0,0,0,0,0,0,0,0,0,0,0,0,0,0,0,0,0,1,0,0,0,0,0,0,0,1,0,0,0,0,0,0,0,1,0,0,0,0,0,1,0,0,0,0,0,0,0,0"
76,9,"4,4,4,7,7,7,2,2,2,4,4,4,4,4,7,7,2,2,4,0,4,4,7,7,5,2,2,8,8,8,8,7,7,5,2,2,8,8,6,5,5,5,5,5,2,8,8,6,6,6,6,5,5,5,8,8,6,6,3,3,5,3,3,1,8,6,6,3,3,3,3,3,1,1,6,6,3,3,3,3,3","","0,0,1,0,0,0,0,0,0,0,0,0,0,0,1,0,0,0,0,1,0,0,0,0,0,0,0,0,0,0,1,0,0,0,0,0,0,0,0,0,0,0,0,0,1,0,0,0,0,1,0,0,0,0,0,0,0,0,0,0,1,0,0,1,0,0,0,0,0,0,0,0,0,0,0,0,0,0,0,1,0"
77,10,"3,3,3,3,4,4,4,1,1,1,3,3,3,4,4,1,1,1,1,1,3,9,4,4,4,4,1,1,1,1,7,9,9,9,9,4,4,1,1,1,7,9,9,7,9,9,9,9,1,1,7,7,7,7,7,5,5,5,2,2,8,8,0,6,7,5,2,2,2,2,8,8,0,6,6,5,2,2,2,2,8,6,6,6,6,5,5,2,2,2,8,8,6,6,6,6,2,2,2,2","","0,0,0,1,0,0,0,0,0,0,0,0,0,0,0,0,0,0,1,0,0,0,0,0,0,1,0,0,0,0,1,0,0,0,0,0,0,0,0,0,0,0,0,0,0,0,0,1,0,0,0,0,0,0,0,0,0,0,0,1,0,0,1,0,0,0,0,0,0,0,0,0,0,0,1,0,0,0,0,0,0,0,0,0,0,0,1,0,0,0,0,1,0,0,0,0,0,0,0,0"
78,10,"3,7,7,7,7,7,7,7,2,2,3,3,3,7,7,7,2,2,2,2,3,3,3,7,7,7,2,4,2,2,3,3,6,7,6,7,4,4,4,2,6,6,6,6,6,7,4,4,4,8,6,6,6,6,4,4,4,4,8,8,9,9,9,9,9,4,8,8,8,8,9,9,1,9,9,4,8,8,8,8,9,9,1,1,1,5,5,5,5,5,9,9,5,5,5,5,0,5,5,5","","0,0,0,1,0,0,0,0,0,0,0,0,0,0,0,0,0,1,0,0,0,1,0,0,0,0,0,0,0,0,0,0,0,0,1,0,0,0,0,0,0,0,0,0,0,0,0,0,0,1,0,0,0,0,0,1,0,0,0,0,1,0,0,0,0,0,0,0,0,0,0,0,1,0,0,0,0,0,0,0,0,0,0,0,0,0,0,0,1,0,0,0,0,0,0,0,1,0,0,0"
79,7,"4,4,4,4,4,4,1,4,5,5,4,5,5,1,4,4,5,5,5,5,3,2,2,0,5,5,3,3,2,2,6,6,3,3,3,2,6,6,6,6,6,3,6,6,6,6,6,6,3","","0,1,0,0,0,0,0,0,0,0,0,0,0,1,0,0,0,0,1,0,0,0,0,1,0,0,0,0,0,0,0,0,0,1,0,1,0,0,0,0,0,0,0,0,0,1,0,0,0"
80,6,"3,3,5,5,1,1,3,3,4,5,5,1,3,4,4,4,5,1,0,0,2,4,1,1,0,2,2,4,1,2,0,0,2,2,2,2","","0,1,0,0,0,0,0,0,0,0,1,0,0,0,1,0,0,0,0,0,0,0,0,1,1,0,0,0,0,0,0,0,0,1,0,0"
81,10,"4,4,4,7,7,7,8,8,8,8,4,4,4,7,7,7,0,8,8,8,4,4,4,4,4,7,7,2,2,8,4,4,4,4,7,7,7,2,2,2,5,5,5,5,5,7,7,7,7,9,5,5,5,5,5,9,9,9,9,9,5,5,1,5,5,9,6,6,9,9,3,3,3,3,3,6,6,6,6,9,3,3,3,3,3,6,6,6,6,9,3,3,3,3,6,6,6,6,6,9","","0,0,0,0,0,0,0,0,1,0,0,0,0,0,0,0,1,0,0,0,0,0,0,1,0,0,0,0,0,0,0,0,0,0,0,0,0,1,0,0,0,0,0,0,0,1,0,0,0,0,1,0,0,0,0,0,0,0,0,0,0,0,1,0,0,0,0,0,0,0,0,0,0,0,0,0,0,0,0,1,0,1,0,0,0,0,0,0,0,0,0,0,0,0,1,0,0,0,0,0"
82,7,"5,5,5,5,4,4,0,5,5,5,5,4,4,4,5,5,5,2,2,4,4,5,5,5,2,6,4,4,5,6,6,6,6,6,4,1,3,6,6,6,4,4,3,3,3,4,4,4,4","","0,0,0,0,0,0,1,0,0,0,0,1,0,0,0,1,0,0,0,0,0,0,0,0,1,0,0,0,0,0,0,0,0,1,0,1,0,0,0,0,0,0,0,0,1,0,0,0,0"
83,4,"1,1,3,3,1,1,0,3,0,0,0,3,2,2,2,2","","0,1,0,0,0,0,0,1,1,0,0,0,0,0,1,0"
84,8,"4,4,4,4,5,5,5,5,4,4,4,4,4,5,5,5,4,6,4,4,1,5,5,5,6,6,0,1,1,1,1,5,6,6,6,6,6,3,3,5,2,6,6,7,7,3,3,5,2,6,7,7,7,7,3,3,2,2,2,7,7,3,3,3","","0,0,0,1,0,0,0,0,0,0,0,0,0,0,0,1,0,0,0,0,1,0,0,0,0,0,1,0,0,0,0,0,0,0,0,0,0,0,1,0,0,1,0,0,0,0,0,0,0,0,0,0,0,1,0,0,1,0,0,0,0,0,0,0"
85,8,"1,5,5,5,5,5,2,2,1,1,5,5,5,5,5,2,1,6,5,5,5,2,2,2,6,6,6,6,0,2,2,2,6,6,7,7,0,2,4,2,6,6,7,7,7,4,4,2,3,7,7,7,4,4,4,4,3,7,7,4,4,4,4,4","","0,0,0,0,0,1,0,0,0,1,0,0,0,0,0,0,0,0,0,0,0,0,0,1,0,0,1,0,0,0,0,0,0,0,0,0,1,0,0,0,0,0,0,0,0,0,1,0,0,0,0,1,0,0,0,0,1,0,0,0,0,0,0,0"
86,9,"1,1,6,6,6,6,7,4,4,1,6,6,7,7,7,7,4,4,6,6,6,6,3,3,7,7,4,6,6,6,6,6,3,3,3,4,3,3,3,3,3,3,8,8,8,5,0,5,8,8,8,8,8,8,5,5,5,5,2,2,8,2,2,5,5,2,2,2,2,2,2,2,5,5,5,2,2,2,2,2,2","","0,0,0,0,0,0,0,0,1,1,0,0,0,0,0,0,0,0,0,0,0,0,0,0,0,1,0,0,0,0,1,0,0,0,0,0,0,0,0,0,0,1,0,0,0,0,1,0,0,0,0,0,0,0,0,0,0,0,0,0,1,0,0,0,0,0,0,1,0,0,0,0,0,0,1,0,0,0,0,0,0"
87,10,"5,0,5,5,8,3,3,3,3,3,5,5,5,8,8,3,3,8,3,3,5,7,5,5,8,8,8,8,3,3,5,7,5,8,8,6,6,6,6,3,7,7,5,5,8,8,8,8,6,4,7,7,7,7,1,6,6,6,6,4,2,7,7,9,6,6,6,6,4,4,2,2,9,9,9,6,4,4,4,4,2,2,2,9,9,9,4,4,4,4,9,9,9,9,9,4,4,4,4,4","","0,1,0,0,0,0,0,0,0,0,0,0,0,0,0,0,0,0,0,1,0,0,0,1,0,0,0,0,0,0,0,0,0,0,0,0,0,0,1,0,0,0,0,0,0,0,1,0,0,0,0,0,0,0,1,0,0,0,0,0,0,0,1,0,0,0,0,0,0,0,1,0,0,0,0,0,0,0,0,0,0,0,0,0,0,1,0,0,0,0,0,0,0,0,0,0,0,1,0,0"
88,10,"4,4,4,4,7,7,7,2,2,2,4,4,4,7,7,7,7,2,2,2,9,4,4,7,5,5,6,2,2,2,9,9,4,7,5,5,6,2,6,8,9,9,5,5,5,5,6,6,6,8,9,9,9,9,5,8,8,8,6,8,9,9,9,9,5,8,8,8,8,8,9,1,9,9,8,8,8,8,8,8,1,1,9,8,8,3,3,3,3,8,1,3,3,3,3,3,0,3,3,3","","1,0,0,0,0,0,0,0,0,0,0,0,0,1,0,0,0,0,0,0,0,0,0,0,0,0,0,0,0,1,0,0,0,0,1,0,0,0,0,0,0,0,0,0,0,0,0,1,0,0,0,0,1,0,0,0,0,0,0,0,0,0,0,0,0,1,0,0,0,0,0,1,0,0,0,0,0,0,0,0,0,0,0,0,0,0,0,0,1,0,0,0,0,0,0,0,1,0,0,0"
89,8,"7,0,0,3,3,3,3,3,7,7,0,0,3,3,3,3,5,5,5,5,6,4,4,3,5,5,6,6,6,4,4,4,2,5,5,5,6,4,4,4,2,2,6,6,6,1,1,4,2,2,6,6,1,1,1,1,2,6,6,6,1,1,1,1","","1,0,0,0,0,0,0,0,0,0,0,1,0,0,0,0,0,0,0,0,0,0,0,1,0,0,0,0,0,1,0,0,0,0,1,0,0,0,0,0,0,0,0,0,1,0,0,0,0,1,0,0,0,0,0,0,0,0,0,0,0,0,1,0"
90,8,"5,5,7,7,2,2,2,2,5,5,7,7,7,2,2,2,5,5,7,7,6,6,6,6,0,0,7,7,6,3,6,6,4,3,3,3,3,3,1,6,4,4,4,3,1,3,1,1,4,4,3,3,1,1,1,1,4,4,4,4,4,1,1,1","","0,1,0,0,0,0,0,0,0,0,0,0,0,1,0,0,0,0,1,0,0,0,0,0,1,0,0,0,0,0,0,0,0,0,0,0,0,0,0,1,0,0,0,1,0,0,0,0,0,0,0,0,0,0,1,0,0,0,0,0,1,0,0,0"
91,8,"4,4,4,4,4,4,4,4,4,4,4,7,7,7,4,4,2,2,2,7,7,7,4,4,6,6,6,6,6,7,7,7,5,5,6,6,6,7,3,3,0,5,6,6,6,7,3,3,5,5,5,5,1,3,3,3,5,5,5,5,3,3,3,3","","0,0,0,0,0,0,0,1,0,0,0,0,0,1,0,0,0,1,0,0,0,0,0,0,0,0,0,1,0,0,0,0,0,0,0,0,0,0,1,0,1,0,0,0,0,0,0,0,0,0,0,0,1,0,0,0,0,0,1,0,0,0,0,0"
92,9,"4,4,4,4,8,8,8,8,8,4,4,4,6,6,1,8,8,0,4,4,4,4,6,1,6,8,8,2,5,4,6,6,6,6,3,8,2,5,5,5,6,6,3,3,8,2,5,5,5,5,3,3,3,8,2,2,2,5,5,5,5,3,3,2,2,2,7,7,7,7,7,3,7,7,7,7,7,7,7,3,3","","0,0,0,0,0,0,1,0,0,0,0,0,0,0,0,0,0,1,0,0,0,0,0,1,0,0,0,0,0,1,0,0,0,0,0,0,0,0,0,0,1,0,0,0,0,0,1,0,0,0,0,0,0,0,0,0,0,0,0,0,0,1,0,1,0,0,0,0,0,0,0,0,0,0,0,1,0,0,0,0,0"
93,9,"5,5,5,5,5,5,2,2,2,5,5,5,5,4,5,2,2,2,5,4,4,5,4,5,5,2,2,1,4,4,4,4,4,4,7,2,1,6,4,8,4,4,4,7,7,6,6,6,8,4,8,8,8,7,6,6,8,8,8,8,8,7,7,6,6,6,6,3,3,3,3,7,6,0,6,6,3,3,3,3,3","","0,0,0,1,0,0,0,0,0,0,0,0,0,0,0,1,0,0,0,0,0,0,1,0,0,0,0,1,0,0,0,0,0,0,0,0,0,0,0,0,0,0,0,0,1,0,0,1,0,0,0,0,0,0,0,0,0,0,0,1,0,0,0,0,0,0,0,0,0,0,1,0,0,1,0,0,0,0,0,0,0"
94,10,"3,3,3,3,3,7,7,8,8,0,3,3,3,6,3,7,7,7,8,8,3,3,6,6,6,6,7,7,8,1,6,3,6,4,7,7,7,7,8,1,6,6,6,4,7,7,7,8,8,1,2,6,6,4,4,4,4,8,1,1,2,2,6,4,4,4,4,8,5,5,2,2,2,9,4,9,9,8,5,5,2,2,9,9,9,9,9,5,5,5,2,2,2,9,9,9,5,5,5,5","","0,0,0,0,0,0,0,0,0,1,1,0,0,0,0,0,0,0,0,0,0,0,1,0,0,0,0,0,0,0,0,0,0,0,0,1,0,0,0,0,0,0,0,1,0,0,0,0,0,0,0,0,0,0,0,0,0,0,1,0,0,1,0,0,0,0,0,0,0,0,0,0,0,0,0,0,0,1,0,0,0,0,0,0,1,0,0,0,0,0,0,0,0,0,0,0,1,0,0,0"
95,9,"1,1,6,4,4,4,4,4,4,6,1,6,6,6,4,4,4,4,6,6,6,3,6,4,7,4,4,8,6,6,3,3,3,7,7,7,8,8,8,3,3,3,7,7,7,5,5,5,3,3,3,2,2,7,5,5,5,3,0,2,2,7,7,5,3,3,3,2,2,2,2,2,3,3,3,3,2,2,2,2,2","","0,1,0,0,0,0,0,0,0,0,0,0,1,0,0,0,0,0,0,0,0,0,0,0,0,1,0,0,0,0,0,0,1,0,0,0,0,0,1,0,0,0,0,0,0,0,0,0,0,0,0,0,0,1,0,0,0,0,1,0,0,0,0,1,0,0,0,0,0,0,0,0,0,0,0,0,0,0,1,0,0"
96,9,"5,5,1,8,8,8,3,3,3,5,5,8,8,8,4,3,3,3,5,5,5,8,4,4,3,3,3,5,7,7,8,4,3,3,4,3,5,7,4,4,4,4,4,4,4,5,7,7,4,4,4,4,4,6,5,2,7,4,4,6,6,6,6,2,2,7,7,6,6,6,6,6,2,2,2,7,7,7,0,6,6","","0,0,1,0,0,0,0,0,0,0,0,0,0,1,0,0,0,0,0,0,0,0,0,0,0,1,0,1,0,0,0,0,0,0,0,0,0,0,0,0,0,1,0,0,0,0,0,0,0,0,0,0,0,1,0,1,0,0,0,0,0,0,0,0,0,0,1,0,0,0,0,0,0,0,0,0,0,0,1,0,0"
97,10,"0,0,7,7,7,7,7,7,3,3,7,7,7,9,7,5,5,3,3,3,9,9,9,9,5,5,3,3,3,3,9,9,6,9,9,5,5,5,3,3,9,6,6,4,4,5,4,5,1,3,9,6,6,6,4,4,4,4,1,3,6,6,6,4,4,4,1,4,1,3,2,6,8,8,4,4,1,1,1,1,2,6,6,8,8,4,1,1,1,1,2,2,6,8,8,8,1,1,1,1","","0,1,0,0,0,0,0,0,0,0,0,0,0,0,1,0,0,0,0,0,0,0,1,0,0,0,0,0,0,0,0,0,0,0,0,0,1,0,0,0,0,0,0,0,0,0,0,0,0,1,0,0,0,1,0,0,0,0,0,0,0,0,0,0,0,0,0,1,0,0,1,0,0,0,0,0,0,0,0,0,0,0,0,0,0,0,0,0,1,0,0,0,0,0,0,1,0,0,0,0"
98,10,"6,6,6,6,5,5,5,5,5,5,6,6,6,6,6,5,5,5,9,5,6,6,6,6,6,2,5,5,9,5,6,4,6,6,2,2,8,5,9,9,6,4,6,7,2,8,8,5,9,9,6,4,6,7,2,8,8,9,9,9,4,4,4,7,7,7,8,8,8,9,4,4,7,7,7,0,8,3,3,3,4,4,4,7,7,8,8,8,3,3,4,1,4,7,7,7,3,3,3,3","","0,0,0,0,0,0,0,1,0,0,0,0,1,0,0,0,0,0,0,0,0,0,0,0,0,0,0,0,1,0,0,0,0,0,1,0,0,0,0,0,0,0,0,0,0,0,1,0,0,0,0,0,0,1,0,0,0,0,0,0,1,0,0,0,0,0,0,0,0,0,0,0,0,0,0,1,0,0,0,0,0,0,0,0,0,0,0,0,0,1,0,1,0,0,0,0,0,0,0,0"
99,8,"2,2,2,7,7,0,0,0,2,2,2,4,7,7,4,0,2,5,2,4,4,4,4,4,5,5,5,4,4,3,3,6,5,1,1,3,3,3,3,6,1,1,1,3,3,3,3,6,1,3,3,3,6,6,6,6,1,1,1,1,6,6,6,6","","0,0,0,0,0,0,0,1,0,0,0,0,0,1,0,0,0,0,1,0,0,0,0,0,0,0,0,0,1,0,0,0,1,0,0,0,0,0,0,0,0,0,0,1,0,0,0,0,0,0,0,0,0,0,1,0,0,1,0,0,0,0,0,0"
100,8,"2,2,2,5,5,4,4,4,2,7,2,5,5,4,4,4,2,7,7,7,5,5,4,4,2,7,7,7,1,1,4,4,3,3,7,7,1,1,6,6,3,7,7,7,3,6,6,6,3,7,3,3,3,3,6,6,3,3,3,6,6,6,6,0","","0,1,0,0,0,0,0,0,0,0,0,1,0,0,0,0,0,0,0,0,0,0,1,0,0,0,0,0,1,0,0,0,0,0,1,0,0,0,0,0,0,0,0,0,0,1,0,0,1,0,0,0,0,0,0,0,0,0,0,0,0,0,0,1"
101,8,"1,1,1,6,6,2,2,2,1,1,1,4,6,6,2,7,1,1,4,4,6,6,7,7,1,1,4,4,6,7,7,7,1,4,4,4,0,0,7,7,1,4,3,3,3,0,7,5,1,4,3,3,3,0,5,5,3,3,3,3,5,5,5,5","","0,0,0,1,0,0,0,0,0,0,0,0,0,0,1,0,1,0,0,0,0,0,0,0,0,0,0,0,0,0,0,1,0,1,0,0,0,0,0,0,0,0,0,0,0,1,0,0,0,0,1,0,0,0,0,0,0,0,0,0,1,0,0,0"
102,10,"3,3,3,3,3,3,5,5,5,5,3,3,3,3,3,5,5,5,5,5,3,3,3,3,9,9,9,5,5,5,7,6,3,3,6,9,9,9,9,5,7,6,6,6,6,6,6,9,9,9,7,7,7,7,0,6,6,2,8,9,7,7,7,7,7,4,6,2,8,9,7,7,4,7,4,4,6,2,8,8,4,7,4,4,4,4,8,8,8,8,4,4,4,4,8,8,8,8,1,8","","0,0,0,0,0,0,1,0,0,0,0,1,0,0,0,0,0,0,0,0,0,0,0,0,0,1,0,0,0,0,1,0,0,0,0,0,0,0,0,0,0,0,1,0,0,0,0,0,0,0,0,0,0,0,1,0,0,0,0,0,0,0,0,0,0,0,0,1,0,0,0,0,0,0,0,0,0,0,0,1,0,0,0,1,0,0,0,0,0,0,0,0,0,0,0,0,0,0,1,0"
103,10,"5,5,5,5,5,2,2,2,2,2,5,5,5,5,5,7,7,7,2,2,5,5,5,4,4,7,7,7,2,2,5,5,5,5,4,4,7,7,2,2,4,4,4,4,4,7,7,7,8,8,4,4,9,9,6,6,7,7,8,8,1,1,9,9,9,6,6,8,8,8,9,1,9,9,9,6,6,8,8,8,9,9,9,6,6,6,3,3,3,0,9,9,9,6,6,6,6,3,3,3","","0,0,0,0,0,1,0,0,0,0,0,1,0,0,0,0,0,0,0,0,0,0,0,1,0,0,0,0,0,0,0,0,0,0,0,0,1,0,0,0,0,0,0,0,0,0,0,0,1,0,0,0,0,0,1,0,0,0,0,0,1,0,0,0,0,0,0,0,0,0,0,0,1,0,0,0,0,0,0,0,0,0,0,0,0,0,0,0,0,1,0,0,0,0,0,0,0,1,0,0"
104,10,"4,4,4,4,4,4,9,9,9,9,4,4,8,8,8,9,9,9,9,9,4,4,8,8,8,8,1,9,9,9,4,4,8,8,8,8,1,1,6,0,4,8,8,5,5,5,1,6,6,6,4,8,8,5,5,7,7,6,6,6,2,8,2,5,5,5,7,7,3,3,2,8,2,2,5,5,7,3,3,3,2,2,2,5,5,7,7,7,7,3,2,2,2,5,3,3,3,3,3,3","","0,1,0,0,0,0,0,0,0,0,0,0,0,0,0,1,0,0,0,0,0,0,1,0,0,0,0,0,0,0,0,0,0,0,0,0,0,0,0,1,0,0,0,0,0,0,1,0,0,0,0,0,0,0,0,0,0,0,1,0,0,0,0,1,0,0,0,0,0,0,1,0,0,0,0,0,0,0,0,0,0,0,0,0,0,0,0,1,0,0,0,0,0,0,1,0,0,0,0,0"
105,10,"3,3,8,8,8,8,8,4,4,1,3,3,8,8,9,8,4,4,4,4,3,3,9,8,9,8,4,4,4,4,9,3,9,9,9,7,4,7,7,4,9,9,9,9,7,7,7,7,7,7,9,0,9,9,9,7,7,7,7,7,9,9,9,2,2,2,2,7,5,5,6,6,6,6,6,2,5,5,5,5,6,6,6,6,6,2,5,5,5,5,6,6,6,6,6,5,5,5,5,5","","0,0,0,0,0,0,0,0,0,1,0,0,1,0,0,0,0,0,0,0,1,0,0,0,0,0,0,0,0,0,0,0,0,0,0,0,1,0,0,0,0,0,0,1,0,0,0,0,0,0,0,1,0,0,0,0,0,0,0,0,0,0,0,0,0,0,0,1,0,0,0,0,0,0,0,1,0,0,0,0,0,0,0,0,0,0,0,0,1,0,0,0,0,0,1,0,0,0,0,0"
106,10,"3,3,3,9,9,9,9,2,2,2,3,3,3,9,9,5,9,0,2,2,3,3,3,3,9,5,5,2,2,2,3,6,3,3,9,9,5,5,8,8,3,6,3,3,5,5,5,5,5,8,6,6,6,1,5,7,8,8,8,8,6,6,1,1,1,7,8,8,4,8,6,6,6,1,7,7,7,4,4,4,6,6,6,6,6,6,7,4,7,4,6,6,6,6,7,7,7,7,7,4","","0,0,0,1,0,0,0,0,0,0,0,0,0,0,0,0,0,1,0,0,0,0,0,0,0,0,0,0,0,1,1,0,0,0,0,0,0,0,0,0,0,0,0,0,1,0,0,0,0,0,0,0,0,0,0,0,1,0,0,0,0,0,1,0,0,0,0,0,0,0,0,0,0,0,0,0,0,0,1,0,0,1,0,0,0,0,0,0,0,0,0,0,0,0,0,1,0,0,0,0"
107,8,"4,4,4,6,6,6,1,1,4,6,6,6,6,1,1,1,4,4,4,6,6,1,7,7,4,4,6,6,5,3,7,7,4,2,5,6,5,3,7,7,4,2,5,5,5,3,7,7,2,2,2,5,5,3,0,3,2,2,2,2,3,3,3,3","","1,0,0,0,0,0,0,0,0,0,1,0,0,0,0,0,0,0,0,0,0,1,0,0,0,0,0,0,0,0,0,1,0,1,0,0,0,0,0,0,0,0,0,1,0,0,0,0,0,0,0,0,0,0,1,0,0,0,0,0,1,0,0,0"
108,9,"3,3,8,8,8,8,8,4,4,3,3,3,8,5,8,8,8,4,3,3,3,5,5,8,8,4,4,3,3,3,5,5,5,5,4,4,3,3,3,5,5,5,5,4,7,6,6,6,0,5,2,7,7,7,6,6,6,6,5,2,7,7,7,6,6,6,6,5,2,2,7,7,6,6,6,6,1,2,7,7,7","","0,0,1,0,0,0,0,0,0,1,0,0,0,0,0,0,0,0,0,0,0,0,0,0,0,1,0,0,0,0,0,0,1,0,0,0,0,0,0,0,0,0,0,0,1,0,0,0,1,0,0,0,0,0,0,1,0,0,0,0,0,0,0,0,0,0,0,0,0,1,0,0,0,0,0,0,1,0,0,0,0"
109,8,"4,4,4,4,1,1,5,5,4,4,4,4,1,5,5,5,4,4,4,1,1,5,5,5,6,4,6,1,7,5,5,5,6,6,6,6,7,7,3,5,6,2,6,6,7,3,3,3,6,2,6,7,7,3,3,3,2,2,2,7,7,7,0,3","","0,0,1,0,0,0,0,0,0,0,0,0,0,1,0,0,0,0,0,1,0,0,0,0,1,0,0,0,0,0,0,0,0,0,0,0,1,0,0,0,0,0,0,0,0,0,0,1,0,1,0,0,0,0,0,0,0,0,0,0,0,0,1,0"
110,7,"6,6,6,6,1,1,1,3,3,3,6,1,1,1,3,6,6,6,4,4,1,3,0,4,4,4,2,2,3,0,0,4,2,2,2,5,5,5,4,2,2,2,2,2,2,2,2,2,2","","0,0,0,1,0,0,0,0,1,0,0,0,0,0,0,0,0,0,0,0,1,0,0,0,0,1,0,0,0,0,1,0,0,0,0,1,0,0,0,0,0,0,0,0,0,0,0,1,0"
111,8,"0,0,0,4,4,3,3,3,0,0,0,4,3,3,3,3,6,0,0,4,3,3,3,3,6,6,6,4,4,3,3,3,6,6,7,7,4,4,4,3,2,7,7,7,4,1,1,3,2,2,5,5,5,5,1,1,2,2,5,5,5,1,1,1","","0,0,0,0,1,0,0,0,0,0,1,0,0,0,0,0,0,0,0,0,0,0,1,0,0,1,0,0,0,0,0,0,0,0,0,1,0,0,0,0,1,0,0,0,0,0,0,0,0,0,0,0,0,1,0,0,0,0,0,0,0,0,0,1"
112,10,"6,6,6,6,6,5,5,5,5,5,6,6,6,6,6,5,5,5,5,5,6,6,6,6,6,2,5,5,5,5,6,6,6,7,2,2,9,9,9,9,1,6,7,7,8,2,2,9,9,9,7,7,7,7,8,8,2,8,9,9,7,7,7,7,8,8,8,8,9,9,4,7,7,7,8,8,8,8,3,3,4,7,4,7,4,8,3,3,3,3,4,4,4,4,4,3,3,3,0,3","","0,0,0,0,0,0,1,0,0,0,0,0,0,1,0,0,0,0,0,0,0,0,0,0,0,1,0,0,0,0,0,0,0,0,0,0,0,1,0,0,1,0,0,0,0,0,0,0,0,0,0,0,0,0,1,0,0,0,0,0,0,1,0,0,0,0,0,0,0,0,0,0,0,0,0,0,0,0,0,1,0,0,1,0,0,0,0,0,0,0,0,0,0,0,0,0,0,0,1,0"
113,8,"2,2,2,2,4,4,4,4,2,2,2,2,4,5,4,4,2,2,5,5,5,5,4,4,2,5,5,5,0,0,7,4,2,5,5,5,7,7,7,4,5,5,6,6,6,7,7,4,1,5,6,6,6,7,3,4,1,1,6,6,3,3,3,3","","0,1,0,0,0,0,0,0,0,0,0,0,0,0,0,1,0,0,1,0,0,0,0,0,0,0,0,0,1,0,0,0,0,0,0,0,0,0,1,0,0,0,0,1,0,0,0,0,1,0,0,0,0,0,0,0,0,0,0,0,0,1,0,0"
114,8,"7,7,7,7,7,2,2,2,3,7,3,3,7,7,2,2,3,3,3,3,7,7,4,4,3,3,6,3,4,4,4,4,3,6,6,6,4,4,4,4,3,6,1,5,4,4,5,4,6,6,1,5,5,5,5,5,6,6,1,1,1,0,5,5","","0,0,0,1,0,0,0,0,0,0,0,0,0,0,0,1,1,0,0,0,0,0,0,0,0,0,0,0,1,0,0,0,0,1,0,0,0,0,0,0,0,0,0,0,0,0,1,0,0,0,1,0,0,0,0,0,0,0,0,0,0,1,0,0"
115,8,"5,5,5,5,5,7,7,0,5,5,5,5,2,7,7,7,5,5,3,5,2,7,7,7,3,3,3,7,7,7,7,7,3,1,6,7,4,4,4,4,3,3,6,7,4,4,4,4,3,6,6,7,6,4,4,4,3,3,6,6,6,6,4,4","","0,0,0,0,0,0,0,1,0,0,1,0,0,0,0,0,0,0,0,0,1,0,0,0,0,0,0,0,0,0,1,0,0,1,0,0,0,0,0,0,0,0,0,0,0,1,0,0,1,0,0,0,0,0,0,0,0,0,0,1,0,0,0,0"
116,10,"4,4,4,4,4,4,8,8,8,8,4,4,4,4,4,8,8,1,1,7,4,4,4,8,4,8,8,1,1,7,6,6,6,8,8,8,1,1,7,7,6,6,6,6,5,8,7,7,7,7,6,6,6,5,5,5,5,7,7,7,6,6,5,5,5,5,5,7,9,7,2,6,5,9,9,9,9,9,9,3,2,2,5,2,9,9,9,9,9,3,2,2,2,2,2,0,3,3,3,3","","0,0,1,0,0,0,0,0,0,0,0,0,0,0,0,0,0,1,0,0,0,0,0,1,0,0,0,0,0,0,0,1,0,0,0,0,0,0,0,0,0,0,0,0,0,0,1,0,0,0,0,0,0,0,1,0,0,0,0,0,0,0,0,0,0,0,0,0,1,0,1,0,0,0,0,0,0,0,0,0,0,0,0,0,0,0,0,0,0,1,0,0,0,0,0,1,0,0,0,0"
117,9,"1,1,1,6,6,3,3,3,3,1,4,6,6,6,3,3,3,3,4,4,6,6,6,6,3,3,3,4,6,6,6,8,6,3,3,3,4,4,4,8,8,6,8,3,3,7,2,2,2,8,8,8,3,8,7,2,2,8,8,8,8,8,8,7,7,2,2,5,8,8,0,8,7,7,7,7,5,5,5,0,0","","0,0,1,0,0,0,0,0,0,0,0,0,0,1,0,0,0,0,0,1,0,0,0,0,0,0,0,0,0,0,0,0,0,0,0,1,0,0,0,0,0,0,1,0,0,0,0,0,1,0,0,0,0,0,1,0,0,0,0,0,0,0,0,0,0,0,0,0,0,0,1,0,0,0,0,0,0,1,0,0,0"
118,8,"0,4,4,4,4,2,2,2,7,4,4,4,2,2,2,2,7,7,7,4,2,2,6,6,7,7,7,4,2,6,6,6,7,7,1,1,1,6,6,6,5,7,7,3,3,3,3,3,5,5,5,5,3,3,3,3,5,3,3,3,3,3,3,3","","1,0,0,0,0,0,0,0,0,0,1,0,0,0,0,0,0,0,0,0,0,1,0,0,0,0,0,0,0,0,0,1,0,0,0,0,1,0,0,0,0,1,0,0,0,0,0,0,0,0,0,1,0,0,0,0,0,0,0,0,0,0,1,0"
119,10,"1,1,1,1,1,5,5,5,3,3,1,1,1,5,5,5,5,5,3,3,1,1,6,6,5,5,5,5,3,3,1,1,6,6,6,5,5,3,3,3,1,6,6,6,6,5,0,0,8,8,1,6,6,6,6,7,0,8,8,8,1,6,2,6,6,7,0,0,4,8,2,6,2,6,7,7,0,9,4,4,2,6,2,7,7,7,9,9,4,4,2,2,2,7,7,9,9,9,9,4","","0,1,0,0,0,0,0,0,0,0,0,0,0,0,1,0,0,0,0,0,0,0,1,0,0,0,0,0,0,0,0,0,0,0,0,0,0,1,0,0,0,0,0,0,0,0,0,0,0,1,0,0,0,0,0,0,1,0,0,0,0,0,0,0,0,0,0,0,1,0,1,0,0,0,0,0,0,0,0,0,0,0,0,1,0,0,0,0,0,0,0,0,0,0,0,1,0,0,0,0"
120,9,"3,3,6,6,6,1,1,1,1,3,3,6,6,6,6,1,1,1,3,3,6,6,6,6,1,1,1,3,3,3,3,6,6,7,1,1,8,8,8,8,0,0,7,7,4,8,5,5,5,5,7,7,7,4,8,5,5,5,7,7,7,7,4,2,2,2,5,5,7,7,7,4,2,2,2,5,5,4,4,4,4","","0,0,0,0,0,0,0,1,0,0,0,0,0,0,1,0,0,0,0,1,0,0,0,0,0,0,0,0,0,0,0,0,0,1,0,0,0,0,0,0,1,0,0,0,0,1,0,0,0,0,0,0,0,0,0,0,0,1,0,0,0,0,0,0,0,0,0,0,0,0,0,1,0,0,1,0,0,0,0,0,0"
121,10,"3,3,3,3,8,8,8,7,7,7,3,3,3,8,8,8,7,7,7,7,3,6,3,3,3,8,8,1,7,7,3,6,6,3,6,8,8,1,1,7,3,3,6,6,6,6,8,1,1,7,2,6,6,6,5,5,9,1,4,7,2,2,5,5,5,5,9,9,4,4,2,2,2,2,5,5,9,9,9,4,2,2,2,2,5,9,9,4,4,4,2,2,2,5,5,9,9,4,4,0","","0,0,0,0,1,0,0,0,0,0,0,0,0,0,0,0,1,0,0,0,1,0,0,0,0,0,0,0,0,0,0,0,0,0,0,0,0,1,0,0,0,0,1,0,0,0,0,0,0,0,0,0,0,0,0,0,0,0,1,0,0,0,0,1,0,0,0,0,0,0,0,1,0,0,0,0,0,0,0,0,0,0,0,0,0,1,0,0,0,0,0,0,0,0,0,0,0,0,0,1"
122,7,"4,4,4,4,4,4,4,4,4,4,4,4,5,0,1,4,5,5,5,5,2,3,3,5,5,5,2,2,3,5,5,5,5,2,6,3,5,3,3,5,6,6,3,3,3,6,6,6,6","","0,1,0,0,0,0,0,0,0,0,0,0,0,1,1,0,0,0,0,0,0,0,0,0,1,0,0,0,0,0,0,0,0,1,0,0,0,1,0,0,0,0,0,0,0,0,1,0,0"
123,4,"3,3,1,1,0,3,3,1,0,0,2,1,0,2,2,2","","0,1,0,0,0,0,0,1,1,0,0,0,0,0,1,0"
124,6,"5,5,5,5,5,5,5,5,4,2,2,2,5,4,4,4,2,2,1,1,4,4,4,3,1,1,0,3,3,3,1,3,3,3,3,3","","0,1,0,0,0,0,0,0,0,0,0,1,0,0,0,1,0,0,1,0,0,0,0,0,0,0,1,0,0,0,0,0,0,0,1,0"
125,9,"4,4,4,4,4,3,3,3,3,4,4,6,4,6,6,3,3,3,4,4,6,6,6,6,3,3,3,4,7,7,6,6,6,8,8,8,7,7,7,7,6,8,8,8,8,7,7,7,7,8,8,8,5,8,7,2,7,7,8,5,5,5,5,7,2,8,8,8,5,1,5,5,0,2,2,2,5,5,5,5,5","","0,0,0,1,0,0,0,0,0,0,0,0,0,0,0,0,0,1,0,0,0,0,1,0,0,0,0,0,0,1,0,0,0,0,0,0,0,0,0,0,0,1,0,0,0,0,0,0,0,0,0,0,1,0,0,1,0,0,0,0,0,0,0,0,0,0,0,0,0,1,0,0,1,0,0,0,0,0,0,0,0"
126,9,"3,3,3,6,6,2,2,2,2,3,3,6,6,6,6,2,2,2,3,3,6,6,6,6,2,2,2,3,3,3,6,6,6,2,5,2,8,8,8,0,0,5,5,5,5,8,0,0,0,5,5,5,5,5,8,8,8,7,7,5,5,1,1,4,8,7,7,7,5,5,1,1,4,4,7,7,7,7,7,1,1","","0,0,1,0,0,0,0,0,0,0,0,0,0,0,0,1,0,0,0,0,0,0,1,0,0,0,0,0,0,0,0,0,0,0,1,0,0,1,0,0,0,0,0,0,0,0,0,0,1,0,0,0,0,0,0,0,0,0,0,0,0,0,1,1,0,0,0,0,0,0,0,0,0,0,0,0,0,1,0,0,0"
127,9,"2,2,2,2,5,5,5,5,5,4,6,6,6,6,5,5,5,5,4,6,6,6,5,5,5,3,5,4,4,6,6,6,6,5,3,1,4,8,8,6,6,7,7,3,3,4,8,8,6,6,7,7,3,3,4,4,8,8,6,0,7,3,3,4,4,4,8,8,7,7,7,3,4,4,4,8,8,8,3,3,3","","0,0,0,1,0,0,0,0,0,0,1,0,0,0,0,0,0,0,0,0,0,0,1,0,0,0,0,0,0,0,0,0,0,0,0,1,0,0,0,0,0,0,1,0,0,0,0,1,0,0,0,0,0,0,0,0,0,0,0,1,0,0,0,1,0,0,0,0,0,0,0,0,0,0,0,0,0,0,0,1,0"
128,9,"4,8,8,8,8,8,8,3,3,4,4,8,8,8,8,3,3,3,4,4,8,8,8,5,5,3,3,1,5,5,5,5,5,3,3,3,5,5,5,5,5,3,3,0,6,7,7,7,5,5,6,6,6,6,7,7,5,5,7,7,6,6,6,7,7,7,7,7,6,6,6,6,7,7,7,2,2,6,6,6,6","","0,0,0,0,0,1,0,0,0,0,1,0,0,0,0,0,0,0,0,0,0,0,0,0,0,0,1,1,0,0,0,0,0,0,0,0,0,0,0,0,0,0,0,1,0,0,0,0,1,0,0,0,0,0,0,0,0,0,0,0,1,0,0,0,0,1,0,0,0,0,0,0,0,0,0,0,1,0,0,0,0"
129,9,"4,4,4,8,8,8,5,5,5,4,4,0,8,8,8,8,5,5,4,6,6,8,8,8,8,5,5,6,6,6,6,6,1,1,5,5,6,6,6,6,7,7,3,5,5,2,2,2,2,7,7,3,5,3,2,7,7,7,7,3,3,3,3,2,7,7,7,7,3,3,3,3,2,2,7,7,3,3,3,3,3","","0,0,0,0,0,1,0,0,0,0,0,1,0,0,0,0,0,0,1,0,0,0,0,0,0,0,0,0,0,0,0,0,0,1,0,0,0,0,0,1,0,0,0,0,0,0,0,0,0,0,0,0,1,0,0,0,0,0,1,0,0,0,0,0,0,0,0,0,0,0,0,1,0,1,0,0,0,0,0,0,0"
130,10,"5,5,5,9,9,9,9,9,9,7,5,5,5,9,9,9,9,7,7,7,5,5,5,5,9,2,2,7,7,7,0,6,6,5,5,2,2,7,7,7,6,6,6,6,5,5,7,7,7,7,3,6,6,6,6,6,8,7,7,1,3,3,6,8,8,8,8,8,4,4,3,8,8,8,8,4,4,8,4,4,3,8,8,8,8,8,4,4,4,4,3,3,3,8,8,4,4,4,4,4","","0,0,0,1,0,0,0,0,0,0,0,0,0,0,0,0,0,0,1,0,0,0,0,0,0,0,1,0,0,0,1,0,0,0,0,0,0,0,0,0,0,0,0,0,0,1,0,0,0,0,0,0,0,0,0,0,0,0,0,1,0,0,1,0,0,0,0,0,0,0,0,0,0,0,1,0,0,0,0,0,0,0,0,0,0,0,0,1,0,0,0,1,0,0,0,0,0,0,0,0"
131,9,"4,4,8,8,8,8,6,6,6,4,4,8,8,8,6,6,6,6,4,4,8,8,8,6,6,1,6,4,0,8,8,8,6,6,6,6,4,4,7,7,8,2,2,6,6,3,3,7,7,7,7,2,5,5,3,3,7,3,7,5,5,5,5,3,3,3,3,7,7,5,5,5,3,3,3,3,7,7,5,5,5","","1,0,0,0,0,0,0,0,0,0,0,0,0,0,1,0,0,0,0,0,0,0,0,0,0,1,0,0,1,0,0,0,0,0,0,0,0,0,0,0,1,0,0,0,0,0,0,0,0,0,0,1,0,0,0,0,1,0,0,0,0,0,0,0,0,0,0,0,0,0,0,1,0,0,0,1,0,0,0,0,0"
132,8,"4,4,4,1,1,1,1,1,4,4,4,4,1,1,1,1,4,4,3,4,3,1,1,1,4,4,3,3,3,6,6,6,4,4,3,3,3,6,6,2,0,3,3,3,3,7,6,2,0,0,0,7,7,7,7,2,5,5,5,5,5,5,7,2","","0,1,0,0,0,0,0,0,0,0,0,0,1,0,0,0,0,0,1,0,0,0,0,0,0,0,0,0,0,1,0,0,0,0,0,0,0,0,0,1,1,0,0,0,0,0,0,0,0,0,0,0,0,0,1,0,0,0,0,1,0,0,0,0"
133,9,"3,3,3,3,6,6,6,6,6,3,3,3,3,6,4,4,6,6,3,0,3,3,4,4,4,4,6,3,3,4,4,4,4,4,6,6,5,5,4,4,4,7,4,7,6,5,5,5,5,7,7,7,7,7,5,5,5,5,8,8,7,2,7,8,5,5,5,8,8,7,2,7,8,8,8,8,8,1,7,2,2","","0,0,1,0,0,0,0,0,0,0,0,0,0,0,0,0,0,1,0,1,0,0,0,0,0,0,0,0,0,0,1,0,0,0,0,0,1,0,0,0,0,0,0,0,0,0,0,0,0,0,0,1,0,0,0,0,0,0,1,0,0,0,0,0,0,0,0,0,0,0,1,0,0,0,0,0,0,1,0,0,0"
134,9,"1,1,8,8,8,3,3,3,3,1,8,8,4,4,4,3,3,3,6,8,8,4,4,4,3,3,3,6,8,6,4,4,3,3,3,3,6,6,6,4,4,4,0,3,5,6,6,7,7,7,7,0,0,5,6,6,7,5,5,5,5,5,5,2,2,7,7,5,5,5,5,5,2,7,7,7,5,5,5,5,5","","0,0,0,0,1,0,0,0,0,1,0,0,0,0,0,0,0,0,0,0,0,0,0,1,0,0,0,0,0,0,0,0,0,0,1,0,0,0,1,0,0,0,0,0,0,0,0,0,0,0,0,1,0,0,0,0,0,0,0,0,0,0,1,0,1,0,0,0,0,0,0,0,0,0,0,1,0,0,0,0,0"
135,6,"4,4,4,4,0,0,4,4,3,3,3,3,3,3,3,5,2,2,1,1,5,5,5,2,1,1,5,2,2,2,1,1,5,5,5,2","","0,0,0,0,1,0,1,0,0,0,0,0,0,0,1,0,0,0,0,0,0,0,0,1,0,1,0,0,0,0,0,0,0,1,0,0"
136,9,"6,6,6,6,6,3,3,3,3,6,8,6,6,3,3,3,3,3,6,8,8,6,8,3,3,3,3,1,1,8,8,8,7,7,7,7,1,1,1,4,8,8,4,7,7,1,0,4,4,4,4,4,7,7,5,5,5,4,4,2,2,7,2,5,5,5,4,4,4,2,2,2,5,5,4,4,4,2,2,2,2","","0,0,0,1,0,0,0,0,0,0,0,0,0,0,0,0,0,1,0,0,0,0,1,0,0,0,0,1,0,0,0,0,0,0,0,0,0,0,0,0,0,0,1,0,0,0,1,0,0,0,0,0,0,0,0,0,0,0,0,0,0,1,0,0,0,1,0,0,0,0,0,0,0,0,0,0,0,1,0,0,0"
137,6,"1,1,5,3,3,3,1,5,5,3,5,3,1,5,5,5,5,3,2,2,2,0,4,3,2,0,0,0,4,3,2,2,2,4,4,4","","0,1,0,0,0,0,0,0,0,0,0,1,0,0,0,1,0,0,1,0,0,0,0,0,0,0,1,0,0,0,0,0,0,0,1,0"
138,8,"4,4,4,4,7,7,2,2,4,4,4,4,4,7,2,2,4,4,4,4,5,7,7,2,4,4,4,5,5,7,7,6,4,4,4,0,5,5,6,6,4,1,4,5,5,6,6,6,1,1,1,5,5,3,3,3,1,5,5,5,5,3,3,3","","0,0,0,0,1,0,0,0,0,0,0,0,0,0,1,0,1,0,0,0,0,0,0,0,0,0,0,0,0,0,0,1,0,0,0,1,0,0,0,0,0,1,0,0,0,0,0,0,0,0,0,0,0,1,0,0,0,0,1,0,0,0,0,0"
139,8,"1,1,1,1,5,5,4,4,1,1,1,1,5,5,4,4,1,1,3,1,5,4,4,4,1,1,3,3,5,4,7,4,2,3,3,3,3,4,7,4,2,3,3,3,3,6,7,7,2,2,3,3,3,6,0,0,2,2,3,6,6,6,6,0","","0,0,0,0,1,0,0,0,0,1,0,0,0,0,0,0,0,0,0,0,0,1,0,0,0,0,1,0,0,0,0,0,0,0,0,0,0,0,1,0,1,0,0,0,0,0,0,0,0,0,0,0,0,0,0,1,0,0,0,1,0,0,0,0"
140,10,"2,2,2,6,6,6,6,1,1,1,2,2,2,2,6,6,6,6,1,1,2,2,2,2,6,3,6,1,1,8,2,2,2,6,6,3,6,3,8,8,2,2,5,6,3,3,3,3,3,8,5,5,5,5,3,3,9,8,8,8,5,5,5,5,3,3,9,4,4,4,5,5,0,0,9,9,9,4,4,4,5,5,5,0,0,9,9,7,7,4,5,5,0,0,0,7,7,7,7,4","","0,0,0,1,0,0,0,0,0,0,0,1,0,0,0,0,0,0,0,0,0,0,0,0,0,0,0,1,0,0,0,0,0,0,0,0,0,0,0,1,0,0,0,0,1,0,0,0,0,0,0,0,0,0,0,0,1,0,0,0,0,0,0,0,0,0,0,0,1,0,0,0,1,0,0,0,0,0,0,0,1,0,0,0,0,0,0,0,0,0,0,0,0,0,0,1,0,0,0,0"
141,10,"4,4,4,7,7,7,1,8,8,8,4,4,7,7,7,7,1,8,8,8,4,4,4,7,7,7,8,8,8,8,4,4,4,7,7,6,6,6,6,8,4,4,4,7,5,5,3,6,6,6,2,4,2,2,2,5,3,3,6,6,2,4,2,2,5,5,5,3,6,6,2,2,2,5,5,5,3,3,3,3,2,2,2,2,9,9,9,9,0,3,2,2,2,2,9,9,9,9,9,3","","0,0,0,0,0,0,1,0,0,0,0,0,1,0,0,0,0,0,0,0,0,0,0,0,0,0,0,0,0,1,0,0,0,0,0,1,0,0,0,0,0,1,0,0,0,0,0,0,0,0,0,0,0,0,0,0,0,1,0,0,1,0,0,0,0,0,0,0,0,0,0,0,0,1,0,0,0,0,0,0,0,0,0,0,0,0,0,0,1,0,0,0,0,0,1,0,0,0,0,0"
142,10,"3,3,3,3,3,5,2,2,2,2,3,3,3,3,3,5,2,5,2,2,3,3,3,5,5,5,5,5,2,2,3,3,5,5,5,5,5,5,6,2,3,7,7,9,9,9,6,6,6,2,3,7,7,7,7,9,6,6,6,6,7,7,8,1,9,9,6,6,6,6,7,7,8,1,1,9,4,4,4,6,8,8,8,1,9,9,0,4,4,4,8,8,8,1,9,9,9,9,4,4","","0,0,0,0,0,0,0,1,0,0,1,0,0,0,0,0,0,0,0,0,0,0,0,1,0,0,0,0,0,0,0,0,0,0,0,0,0,0,1,0,0,1,0,0,0,0,0,0,0,0,0,0,0,0,0,1,0,0,0,0,0,0,1,0,0,0,0,0,0,0,0,0,0,0,1,0,0,0,0,0,0,0,0,0,0,0,1,0,0,0,0,0,0,0,0,0,0,0,0,1"
143,8,"2,2,2,2,7,3,3,3,2,2,7,7,7,7,0,3,2,2,7,5,7,3,3,3,2,5,5,5,5,5,3,3,4,5,4,5,3,3,3,6,4,5,4,5,1,6,6,6,4,4,4,4,1,6,6,6,4,4,4,6,6,6,6,6","","0,0,0,1,0,0,0,0,0,0,0,0,0,0,1,0,0,0,1,0,0,0,0,0,0,0,0,0,0,0,0,1,0,1,0,0,0,0,0,0,0,0,0,0,1,0,0,0,1,0,0,0,0,0,0,0,0,0,0,0,0,1,0,0"
144,10,"3,3,3,3,7,7,7,4,4,4,3,3,7,7,7,7,4,4,4,4,3,3,3,7,7,4,4,4,4,4,3,3,6,7,7,7,7,4,4,4,3,6,6,6,7,9,9,8,8,4,6,6,6,6,9,9,8,8,8,4,0,6,6,9,9,9,9,2,8,8,5,5,5,5,9,2,2,2,8,8,5,5,9,9,9,9,2,8,8,8,5,5,5,9,1,9,2,8,8,8","","0,0,0,1,0,0,0,0,0,0,0,0,0,0,0,1,0,0,0,0,0,0,0,0,0,0,0,0,0,1,0,0,1,0,0,0,0,0,0,0,0,0,0,0,0,0,1,0,0,0,0,0,0,0,0,0,0,0,1,0,1,0,0,0,0,0,0,0,0,0,0,0,0,0,0,0,0,1,0,0,0,1,0,0,0,0,0,0,0,0,0,0,0,0,1,0,0,0,0,0"
145,10,"7,7,7,4,2,2,2,2,2,2,7,7,7,4,2,2,2,2,6,2,7,7,4,4,2,9,9,2,6,2,7,4,4,5,9,9,9,2,6,6,7,4,4,5,9,9,9,2,6,6,1,4,4,5,9,5,9,6,6,6,1,0,5,5,5,5,5,3,6,6,1,1,8,8,5,5,5,3,6,6,1,8,8,8,8,8,8,3,3,3,1,8,8,8,3,3,3,3,3,3","","0,0,1,0,0,0,0,0,0,0,0,0,0,0,0,0,0,0,0,1,0,0,0,1,0,0,0,0,0,0,0,0,0,0,0,0,1,0,0,0,0,0,0,0,0,0,0,0,1,0,0,0,0,0,0,1,0,0,0,0,0,1,0,0,0,0,0,0,0,0,0,0,0,0,0,0,0,1,0,0,0,0,0,0,1,0,0,0,0,0,1,0,0,0,0,0,0,0,0,0"
146,6,"4,4,4,2,2,2,4,4,2,2,2,2,4,4,5,2,2,5,1,1,5,5,5,5,3,3,3,0,3,5,3,3,3,3,3,3","","0,1,0,0,0,0,0,0,0,0,1,0,0,0,1,0,0,0,1,0,0,0,0,0,0,0,0,1,0,0,0,0,0,0,0,1"
147,4,"2,2,2,2,2,1,0,0,1,1,3,3,1,1,3,3","","0,1,0,0,0,0,0,1,1,0,0,0,0,0,1,0"
148,8,"1,1,1,5,5,5,5,5,1,1,1,5,5,5,5,2,1,1,5,5,5,2,2,2,1,1,5,4,4,7,7,2,1,4,4,4,4,0,7,7,4,4,4,3,3,0,7,7,3,3,3,3,0,0,6,6,3,3,3,3,0,6,6,6","","1,0,0,0,0,0,0,0,0,0,0,0,0,0,0,1,0,0,1,0,0,0,0,0,0,0,0,0,0,1,0,0,0,1,0,0,0,0,0,0,0,0,0,1,0,0,0,0,0,0,0,0,0,0,1,0,0,0,0,0,1,0,0,0"
149,10,"9,9,9,5,5,5,5,5,5,5,9,9,9,9,9,5,5,5,5,5,9,9,9,2,2,2,2,5,6,5,8,8,9,9,8,7,6,5,6,5,8,8,8,8,8,7,6,5,6,6,8,8,8,7,8,7,6,6,6,6,8,8,7,7,7,7,3,6,6,6,4,4,7,7,7,7,3,3,3,3,4,4,4,4,7,3,3,3,3,1,4,0,4,4,7,7,3,3,3,3","","0,0,1,0,0,0,0,0,0,0,0,0,0,0,0,0,0,1,0,0,0,0,0,1,0,0,0,0,0,0,0,0,0,0,0,1,0,0,0,0,0,0,0,0,0,0,0,0,1,0,0,0,0,0,1,0,0,0,0,0,0,0,0,0,0,0,1,0,0,0,1,0,0,0,0,0,0,0,0,0,0,0,0,0,0,0,0,0,0,1,0,1,0,0,0,0,0,0,0,0"
150,8,"3,3,3,1,1,1,1,1,3,3,3,1,4,1,1,1,3,3,3,1,4,1,1,1,0,3,4,4,4,5,5,1,0,4,4,7,6,5,5,5,0,4,4,7,6,6,2,5,0,0,4,7,6,2,2,2,0,7,7,7,6,6,2,2","","0,0,0,1,0,0,0,0,0,1,0,0,0,0,0,0,0,0,0,0,1,0,0,0,0,0,0,0,0,0,1,0,1,0,0,0,0,0,0,0,0,0,0,0,0,1,0,0,0,0,0,0,0,0,0,1,0,0,1,0,0,0,0,0"
151,10,"9,9,9,6,3,3,3,3,3,3,9,9,6,6,3,3,3,3,7,7,9,9,9,6,6,6,3,3,7,7,1,9,6,6,6,6,3,3,7,7,1,8,6,6,5,5,7,7,7,7,1,8,6,6,5,5,7,7,7,7,1,8,8,8,5,5,2,2,2,7,4,8,8,4,0,5,5,5,2,2,4,4,4,4,2,5,5,2,2,2,4,4,4,4,2,2,2,2,2,2","","0,0,1,0,0,0,0,0,0,0,0,0,0,0,0,0,0,1,0,0,0,0,0,0,0,1,0,0,0,0,1,0,0,0,0,0,0,0,0,0,0,0,0,0,0,0,0,0,0,1,0,1,0,0,0,0,0,0,0,0,0,0,0,0,0,0,0,0,1,0,0,0,0,0,1,0,0,0,0,0,0,0,0,0,0,0,1,0,0,0,0,0,0,1,0,0,0,0,0,0"
152,8,"4,4,4,4,5,5,5,5,2,2,4,4,5,5,5,5,2,4,4,4,1,5,5,5,2,2,6,6,1,3,3,3,2,6,6,1,1,1,0,3,2,2,6,6,7,3,3,3,2,6,6,6,7,7,3,3,2,2,2,7,7,7,7,3","","0,1,0,0,0,0,0,0,0,0,0,0,0,1,0,0,1,0,0,0,0,0,0,0,0,0,0,0,1,0,0,0,0,0,0,0,0,0,1,0,0,0,1,0,0,0,0,0,0,0,0,0,0,0,0,1,0,0,0,1,0,0,0,0"
153,10,"9,9,9,9,9,9,3,3,3,3,4,1,9,9,9,9,9,3,0,3,4,1,9,9,9,6,6,6,6,3,4,9,9,5,5,5,6,6,6,3,4,7,7,7,5,5,6,6,6,6,4,4,7,5,5,5,5,5,5,6,4,4,7,7,7,5,8,8,2,2,4,4,4,4,7,5,8,8,8,2,4,7,7,7,7,8,8,8,2,2,4,4,4,4,7,7,2,2,2,2","","0,0,0,1,0,0,0,0,0,0,0,0,0,0,0,0,0,0,1,0,0,1,0,0,0,0,0,0,0,0,0,0,0,0,0,0,0,0,0,1,0,0,0,0,0,0,1,0,0,0,0,0,0,0,1,0,0,0,0,0,0,0,1,0,0,0,0,0,0,0,1,0,0,0,0,0,0,0,0,0,0,0,0,0,0,1,0,0,0,0,0,0,0,0,0,0,0,1,0,0"
154,8,"7,7,1,7,4,4,4,4,7,7,7,7,7,4,4,4,2,7,7,7,7,7,4,4,2,2,6,6,6,7,6,4,5,0,5,6,6,6,6,3,5,5,5,5,6,6,3,3,5,5,5,5,5,5,3,3,5,5,5,3,3,3,3,3","","0,0,1,0,0,0,0,0,0,0,0,0,1,0,0,0,1,0,0,0,0,0,0,0,0,0,0,0,0,0,0,1,0,1,0,0,0,0,0,0,0,0,0,0,0,1,0,0,0,0,0,1,0,0,0,0,0,0,0,0,0,0,1,0"
155,10,"4,4,4,6,7,7,7,2,2,2,4,4,6,6,7,7,7,7,2,2,4,4,6,6,6,5,7,7,2,2,9,4,0,6,6,5,5,5,2,2,9,9,9,9,5,5,5,5,3,2,9,9,9,8,8,8,5,3,3,3,9,9,9,9,8,5,5,3,3,3,9,1,9,8,8,8,8,3,3,3,9,1,8,8,8,3,8,3,3,3,9,8,8,8,8,3,3,3,3,3","","1,0,0,0,0,0,0,0,0,0,0,0,0,0,0,0,0,1,0,0,0,0,0,0,1,0,0,0,0,0,0,0,1,0,0,0,0,0,0,0,0,0,0,0,0,0,0,0,0,1,0,0,0,0,0,0,1,0,0,0,0,0,0,1,0,0,0,0,0,0,0,0,0,0,0,1,0,0,0,0,0,1,0,0,0,0,0,0,0,0,0,0,0,0,0,0,0,0,1,0"
156,8,"4,3,3,3,3,3,3,3,4,4,4,3,3,3,3,3,4,4,4,4,3,1,3,3,4,4,4,6,6,5,5,3,4,4,6,6,6,5,5,5,2,6,6,6,5,5,5,5,2,7,7,6,0,7,7,5,2,2,7,7,7,7,7,5","","0,0,0,0,0,0,1,0,0,1,0,0,0,0,0,0,0,0,0,0,0,1,0,0,0,0,0,1,0,0,0,0,0,0,0,0,0,0,0,1,1,0,0,0,0,0,0,0,0,0,0,0,1,0,0,0,0,0,1,0,0,0,0,0;0,0,0,0,0,0,0,1,0,1,0,0,0,0,0,0,0,0,0,0,0,1,0,0,0,0,0,1,0,0,0,0,0,0,0,0,0,0,1,0,1,0,0,0,0,0,0,0,0,0,0,0,1,0,0,0,0,0,1,0,0,0,0,0"
157,10,"2,4,4,4,4,4,4,4,4,4,2,2,2,4,4,4,4,4,9,4,2,2,2,2,4,9,9,4,9,9,2,2,2,2,5,5,9,9,9,9,7,2,5,5,5,9,9,1,9,1,7,5,5,5,5,6,6,1,1,1,7,7,7,5,5,0,6,6,1,8,7,7,7,5,6,6,6,6,8,8,7,3,7,3,3,6,3,8,8,8,7,3,3,3,3,3,3,8,8,8","","0,0,0,1,0,0,0,0,0,0,0,1,0,0,0,0,0,0,0,0,0,0,0,0,0,0,1,0,0,0,0,0,0,0,1,0,0,0,0,0,1,0,0,0,0,0,0,0,0,0,0,0,0,0,0,0,0,0,1,0,0,0,0,0,0,1,0,0,0,0,0,0,0,0,0,0,0,1,0,0,0,0,0,0,0,0,0,0,0,1,0,0,1,0,0,0,0,0,0,0"
158,9,"6,6,6,8,8,8,8,3,3,6,6,6,6,8,8,3,3,7,1,6,6,6,8,8,8,8,7,1,1,6,8,8,4,4,7,7,1,0,4,4,8,4,7,7,7,5,4,4,4,4,4,4,7,2,5,5,5,5,5,4,2,2,2,5,5,5,2,2,2,2,2,2,5,5,2,2,2,2,2,2,2","","0,0,0,0,0,0,0,0,1,0,0,0,1,0,0,0,0,0,1,0,0,0,0,0,0,0,0,0,0,0,0,1,0,0,0,0,0,1,0,0,0,0,0,0,0,0,0,0,0,0,0,0,1,0,0,0,0,0,0,1,0,0,0,0,0,1,0,0,0,0,0,0,0,0,0,0,0,0,1,0,0"
159,8,"1,1,5,5,5,5,2,2,1,1,1,1,5,5,5,2,1,1,5,5,5,2,2,2,1,6,4,4,4,4,2,2,1,6,6,4,4,4,2,2,6,6,6,7,4,4,4,7,6,3,7,7,7,7,7,7,3,3,3,7,7,0,0,0","","0,0,0,1,0,0,0,0,1,0,0,0,0,0,0,0,0,0,0,0,0,0,1,0,0,0,0,0,1,0,0,0,0,0,1,0,0,0,0,0,0,0,0,0,0,0,0,1,0,1,0,0,0,0,0,0,0,0,0,0,0,1,0,0"
160,10,"4,4,4,4,4,6,6,6,2,2,4,4,4,4,4,6,6,6,2,2,8,4,4,4,6,6,6,2,2,2,8,4,4,4,4,6,6,2,3,2,8,8,8,8,4,6,6,2,3,2,8,8,8,1,9,6,6,7,3,3,8,8,8,1,9,7,6,7,3,3,5,5,5,9,9,7,7,7,3,0,5,5,9,9,9,7,7,7,3,3,5,9,9,9,9,9,9,9,3,3","","0,0,0,0,0,0,1,0,0,0,0,0,1,0,0,0,0,0,0,0,0,0,0,0,0,0,0,1,0,0,1,0,0,0,0,0,0,0,0,0,0,0,0,0,0,0,0,0,1,0,0,0,0,1,0,0,0,0,0,0,0,0,0,0,0,1,0,0,0,0,0,0,0,0,0,0,0,0,0,1,0,1,0,0,0,0,0,0,0,0,0,0,0,0,1,0,0,0,0,0"
161,9,"3,3,3,3,7,7,7,0,4,3,3,3,7,7,7,7,4,4,3,3,3,7,7,7,7,4,4,3,8,3,7,7,7,4,4,4,8,8,5,5,5,4,4,4,4,8,8,8,8,5,4,5,4,4,8,8,8,8,5,5,5,5,2,8,6,6,6,5,6,1,5,2,8,6,6,6,6,6,6,2,2","","0,0,0,0,0,0,0,1,0,1,0,0,0,0,0,0,0,0,0,0,0,0,1,0,0,0,0,0,1,0,0,0,0,0,0,0,0,0,0,1,0,0,0,0,0,0,0,0,0,0,1,0,0,0,0,0,0,0,0,0,0,0,1,0,0,0,0,0,0,1,0,0,0,0,1,0,0,0,0,0,0"
162,9,"4,4,6,6,6,6,2,2,2,4,4,6,4,6,6,6,6,2,4,4,4,4,6,6,6,6,2,8,8,8,8,8,7,6,2,2,8,8,8,1,8,7,7,7,7,8,0,1,1,8,7,7,7,7,5,5,5,5,3,3,3,7,7,5,5,3,3,3,3,3,3,3,5,5,5,5,5,3,3,3,3","","0,0,0,0,0,0,0,1,0,0,0,0,0,0,1,0,0,0,0,0,1,0,0,0,0,0,0,1,0,0,0,0,0,0,0,0,0,0,0,1,0,0,0,0,0,0,1,0,0,0,0,0,0,0,0,0,0,0,0,0,0,0,1,0,0,0,0,0,0,1,0,0,0,0,0,0,1,0,0,0,0"
163,8,"3,1,1,1,5,5,5,5,3,3,1,5,5,4,5,4,3,3,1,5,5,4,5,4,3,3,6,6,4,4,4,4,3,6,6,6,0,4,4,2,3,3,6,7,7,2,2,2,3,3,6,6,7,2,2,2,3,3,7,7,7,2,2,2","","0,1,0,0,0,0,0,0,0,0,0,0,0,0,1,0,1,0,0,0,0,0,0,0,0,0,0,0,0,0,0,1,0,0,0,0,1,0,0,0,0,0,1,0,0,0,0,0,0,0,0,0,0,1,0,0,0,0,0,1,0,0,0,0"
164,10,"6,6,6,6,6,9,9,9,3,3,6,6,0,6,6,9,9,3,3,3,6,6,6,6,9,9,9,3,8,8,6,6,6,5,5,5,9,3,8,8,6,6,6,6,6,5,5,5,8,8,7,7,7,7,5,5,5,5,8,8,2,7,7,7,5,5,4,5,8,1,2,7,7,7,7,4,4,4,4,4,7,7,7,7,7,7,4,4,4,4,7,7,7,7,7,7,7,4,4,4","","0,0,0,0,0,1,0,0,0,0,0,0,1,0,0,0,0,0,0,0,0,0,0,0,0,0,0,1,0,0,0,1,0,0,0,0,0,0,0,0,0,0,0,0,0,0,0,0,1,0,0,0,0,0,1,0,0,0,0,0,0,0,0,0,0,0,0,0,0,1,1,0,0,0,0,0,0,0,0,0,0,0,0,0,0,0,1,0,0,0,0,0,0,1,0,0,0,0,0,0"
165,9,"5,5,5,5,6,8,2,8,1,5,5,5,5,6,8,2,8,8,3,5,5,5,6,8,8,8,8,3,5,6,5,6,8,8,8,8,3,3,6,5,6,6,6,8,8,3,3,6,6,6,6,4,4,4,3,3,7,7,6,6,4,4,4,3,3,3,7,7,7,4,4,4,3,3,0,7,7,7,7,4,4","","0,0,0,0,0,0,0,0,1,0,0,0,0,0,0,1,0,0,0,1,0,0,0,0,0,0,0,0,0,0,0,0,1,0,0,0,1,0,0,0,0,0,0,0,0,0,0,0,1,0,0,0,0,0,0,0,0,0,0,0,0,1,0,0,0,0,0,1,0,0,0,0,0,0,1,0,0,0,0,0,0"
166,8,"4,4,4,2,2,2,2,2,4,4,4,4,2,2,2,2,7,4,5,5,2,2,2,2,7,7,0,5,6,2,6,2,7,7,0,5,6,6,6,6,7,7,0,5,5,6,1,6,3,7,0,5,5,6,1,6,3,3,3,5,1,1,1,1","","0,0,0,0,0,1,0,0,0,0,0,1,0,0,0,0,1,0,0,0,0,0,0,0,0,0,1,0,0,0,0,0,0,0,0,0,0,0,0,1,0,0,0,0,1,0,0,0,0,0,0,0,0,0,1,0,0,1,0,0,0,0,0,0"
167,9,"5,5,5,5,3,3,3,3,3,5,5,5,5,7,7,3,7,3,5,5,5,5,7,7,7,7,3,5,5,2,7,7,7,7,7,3,5,2,2,2,8,7,7,7,3,6,8,2,2,8,8,8,4,4,6,8,8,8,8,8,8,8,4,6,0,6,6,8,4,4,4,4,6,6,6,6,6,4,1,4,4","","0,0,0,0,0,1,0,0,0,0,0,0,1,0,0,0,0,0,0,0,0,0,0,0,0,1,0,0,0,1,0,0,0,0,0,0,0,0,0,0,1,0,0,0,0,1,0,0,0,0,0,0,0,0,0,0,0,0,0,0,0,0,1,0,1,0,0,0,0,0,0,0,0,0,0,0,0,0,1,0,0;0,0,0,0,0,0,0,1,0,0,0,0,1,0,0,0,0,0,0,0,0,0,0,1,0,0,0,0,0,1,0,0,0,0,0,0,0,0,0,0,1,0,0,0,0,1,0,0,0,0,0,0,0,0,0,0,0,0,0,0,0,0,1,0,1,0,0,0,0,0,0,0,0,0,0,0,0,0,1,0,0"
168,10,"5,5,5,8,8,8,8,3,3,3,5,5,5,5,8,3,8,3,3,3,5,9,5,5,8,3,3,3,6,6,9,9,1,5,8,8,3,3,6,6,9,9,1,1,0,8,6,6,6,6,9,9,9,1,7,8,6,2,6,2,4,9,9,7,7,2,2,2,2,2,4,9,4,7,7,2,2,2,2,2,4,4,4,7,7,7,2,2,2,2,4,4,4,7,7,2,2,2,2,2","","0,0,0,0,0,0,1,0,0,0,0,0,0,1,0,0,0,0,0,0,0,0,0,0,0,0,0,1,0,0,0,0,1,0,0,0,0,0,0,0,0,0,0,0,1,0,0,0,0,0,0,0,0,0,0,0,0,0,1,0,0,1,0,0,0,0,0,0,0,0,0,0,0,0,0,0,0,0,0,1,0,0,0,0,0,1,0,0,0,0,1,0,0,0,0,0,0,0,0,0"
169,9,"2,2,0,2,8,8,3,3,3,7,2,2,2,8,8,8,3,3,7,2,2,8,8,8,3,3,6,7,7,2,8,8,8,3,6,6,7,7,1,1,1,8,5,6,5,7,7,7,7,1,5,5,5,5,7,4,4,4,4,4,5,5,5,4,4,4,5,5,5,5,5,5,4,4,4,4,5,5,5,5,5","","0,0,1,0,0,0,0,0,0,0,0,0,0,0,0,0,0,1,0,1,0,0,0,0,0,0,0,0,0,0,0,0,1,0,0,0,0,0,0,0,0,0,0,1,0,0,0,0,0,1,0,0,0,0,1,0,0,0,0,0,0,0,0,0,0,0,0,0,0,1,0,0,0,0,0,1,0,0,0,0,0"
170,10,"9,9,7,7,7,7,7,3,3,3,9,9,9,7,7,7,3,3,3,3,9,0,0,6,7,7,7,5,3,3,6,6,6,6,5,5,5,5,5,3,6,6,6,6,5,5,4,5,5,5,2,2,6,8,4,4,4,4,5,5,2,8,8,8,8,4,4,4,1,1,2,8,8,8,4,4,1,4,1,1,2,8,8,4,4,1,1,4,1,1,2,8,8,8,8,1,1,1,1,1","","0,1,0,0,0,0,0,0,0,0,0,0,0,0,0,1,0,0,0,0,0,0,1,0,0,0,0,0,0,0,0,0,0,0,0,0,0,0,0,1,0,0,0,1,0,0,0,0,0,0,0,0,0,0,0,0,0,0,1,0,0,0,0,0,1,0,0,0,0,0,0,0,0,0,0,0,0,1,0,0,1,0,0,0,0,0,0,0,0,0,0,0,0,0,0,0,1,0,0,0"
171,8,"3,3,3,3,3,3,5,5,3,3,3,3,5,5,5,5,7,7,3,7,7,5,5,5,7,7,7,7,7,1,5,5,2,2,7,7,6,1,1,4,0,2,6,6,6,4,4,4,2,2,6,6,6,6,4,4,2,2,6,6,6,4,4,4","","0,0,1,0,0,0,0,0,0,0,0,0,0,0,1,0,0,0,0,1,0,0,0,0,0,0,0,0,0,1,0,0,0,0,0,0,0,0,0,1,1,0,0,0,0,0,0,0,0,0,0,0,1,0,0,0,0,1,0,0,0,0,0,0"
172,8,"4,4,4,1,1,5,5,5,4,6,6,6,5,5,5,5,4,4,6,6,5,5,5,3,4,4,6,6,6,6,5,3,4,2,2,2,6,3,5,3,4,2,6,6,6,3,5,3,0,2,2,6,7,3,3,3,2,2,2,6,7,3,3,3","","0,0,0,1,0,0,0,0,0,0,0,0,0,0,1,0,0,1,0,0,0,0,0,0,0,0,0,0,0,1,0,0,0,0,1,0,0,0,0,0,0,0,0,0,0,0,0,1,1,0,0,0,0,0,0,0,0,0,0,0,1,0,0,0"
173,8,"3,7,7,4,4,1,1,1,3,7,7,4,4,4,1,1,3,3,7,7,4,4,1,1,3,6,7,4,4,4,1,1,3,6,6,6,6,6,6,1,6,6,6,6,6,2,6,1,0,5,5,5,2,2,2,2,0,5,5,5,5,5,5,2","","0,0,1,0,0,0,0,0,0,0,0,0,1,0,0,0,0,1,0,0,0,0,0,0,0,0,0,0,0,0,0,1,0,0,0,1,0,0,0,0,0,0,0,0,0,1,0,0,1,0,0,0,0,0,0,0,0,0,0,0,0,0,1,0"
174,8,"4,4,4,4,4,0,3,3,4,4,4,3,3,3,3,3,6,4,4,7,3,7,3,3,6,4,7,7,7,7,7,1,6,6,6,7,7,7,7,5,6,6,2,2,5,5,7,5,6,6,6,2,2,5,7,5,6,6,6,6,2,5,5,5","","0,0,0,0,0,1,0,0,0,0,0,1,0,0,0,0,0,1,0,0,0,0,0,0,0,0,0,0,0,0,0,1,0,0,0,0,1,0,0,0,0,0,1,0,0,0,0,0,1,0,0,0,0,0,0,0,0,0,0,0,0,0,1,0"
175,10,"8,8,8,2,9,9,9,5,5,5,8,1,2,2,9,9,9,5,5,5,8,8,8,2,2,9,9,0,5,5,8,8,8,2,9,9,9,5,5,5,8,8,7,9,9,6,6,6,6,6,8,8,7,7,6,6,6,6,6,3,4,4,7,7,7,6,6,6,3,3,4,4,7,7,7,7,7,6,3,3,4,4,4,7,7,7,3,3,3,3,4,4,4,7,7,3,3,3,3,3","","0,0,0,1,0,0,0,0,0,0,0,1,0,0,0,0,0,0,0,0,0,0,0,0,0,0,0,1,0,0,0,0,0,0,0,0,0,0,0,1,0,0,0,0,1,0,0,0,0,0,1,0,0,0,0,0,0,0,0,0,0,0,0,0,0,0,1,0,0,0,0,0,0,0,0,0,0,0,1,0,0,0,0,0,0,1,0,0,0,0,0,0,1,0,0,0,0,0,0,0"
176,9,"5,5,5,5,5,7,2,2,7,5,5,5,0,5,7,7,7,7,5,5,5,5,7,7,7,7,7,3,5,5,5,6,7,7,7,7,3,5,6,6,6,7,1,6,7,3,3,6,6,6,6,6,6,7,3,3,3,8,6,6,4,4,7,3,3,3,8,6,4,4,4,4,3,3,3,8,8,8,8,8,4","","0,0,0,0,0,0,0,1,0,0,0,0,1,0,0,0,0,0,0,0,0,0,0,1,0,0,0,0,1,0,0,0,0,0,0,0,0,0,0,0,0,0,1,0,0,0,0,1,0,0,0,0,0,0,1,0,0,0,0,0,0,0,0,0,0,0,0,0,0,0,0,1,0,0,0,0,1,0,0,0,0"
177,9,"1,1,1,1,5,5,5,5,2,1,1,1,1,5,5,5,5,2,1,1,1,4,5,8,8,2,2,1,3,4,4,4,8,8,8,2,1,3,3,4,4,4,8,8,6,3,3,3,4,4,4,8,6,6,3,3,3,3,4,4,6,6,6,3,3,3,7,7,7,7,0,6,7,7,7,7,7,7,0,0,6","","0,0,0,0,1,0,0,0,0,0,0,0,0,0,0,0,0,1,0,0,0,0,0,1,0,0,0,0,0,1,0,0,0,0,0,0,1,0,0,0,0,0,0,0,0,0,0,0,0,0,0,0,1,0,0,1,0,0,0,0,0,0,0,0,0,0,1,0,0,0,0,0,0,0,0,0,0,0,1,0,0"
178,10,"5,5,5,9,9,9,9,9,3,3,5,5,1,9,9,9,9,9,9,3,5,5,6,9,9,6,7,7,7,3,5,5,6,6,6,6,8,7,7,3,5,5,6,6,6,8,8,7,7,3,5,5,6,6,6,8,7,7,7,3,5,2,6,6,6,8,8,4,4,3,5,2,2,6,8,8,8,4,4,0,5,5,8,8,8,8,8,4,4,4,5,5,8,8,8,8,8,4,4,4","","0,0,0,0,0,0,0,0,1,0,0,0,1,0,0,0,0,0,0,0,0,0,0,0,1,0,0,0,0,0,1,0,0,0,0,0,0,0,0,0,0,0,0,1,0,0,0,0,0,0,0,0,0,0,0,0,1,0,0,0,0,1,0,0,0,0,0,0,0,0,0,0,0,0,0,0,0,0,0,1,0,0,0,0,0,1,0,0,0,0,0,0,0,0,0,0,0,1,0,0;0,0,0,0,0,0,0,0,1,0,0,0,1,0,0,0,0,0,0,0,0,0,0,0,1,0,0,0,0,0,1,0,0,0,0,0,0,0,0,0,0,0,0,1,0,0,0,0,0,0,0,0,0,0,0,0,1,0,0,0,0,1,0,0,0,0,0,0,0,0,0,0,0,0,0,0,0,0,0,1,0,0,0,0,0,0,0,1,0,0,0,0,0,0,0,1,0,0,0,0"
179,10,"9,9,9,5,5,5,5,5,3,3,9,9,5,5,6,5,5,5,3,3,9,9,9,5,6,5,3,3,3,1,9,9,9,5,6,6,6,3,3,3,2,2,9,6,6,6,6,6,6,3,2,2,9,8,8,6,6,7,7,7,2,0,9,8,8,8,7,7,7,7,8,8,9,8,8,4,4,7,4,7,8,8,8,8,8,4,4,4,4,4,8,8,8,4,4,4,4,4,4,4","","0,0,0,0,0,0,0,0,1,0,0,0,0,1,0,0,0,0,0,0,0,0,0,0,0,0,0,0,0,1,0,0,1,0,0,0,0,0,0,0,1,0,0,0,0,0,0,0,0,0,0,0,0,0,0,1,0,0,0,0,0,1,0,0,0,0,0,0,0,0,0,0,0,0,0,0,0,1,0,0,0,0,0,0,1,0,0,0,0,0,0,0,0,0,0,0,1,0,0,0"
180,10,"5,5,5,8,8,8,8,3,3,3,5,5,5,0,8,8,8,3,3,3,5,5,5,0,8,8,4,4,3,3,5,9,9,9,9,8,8,4,3,3,9,9,9,9,7,7,4,4,1,3,9,2,9,6,7,4,4,1,1,1,2,2,6,6,7,7,4,4,1,1,2,6,6,6,7,7,4,1,1,1,2,2,6,6,7,4,4,1,1,1,2,2,2,7,7,4,4,1,1,1","","0,0,0,0,0,0,1,0,0,0,0,0,0,1,0,0,0,0,0,0,1,0,0,0,0,0,0,0,0,0,0,0,0,0,1,0,0,0,0,0,0,0,0,0,0,0,0,0,0,1,0,1,0,0,0,0,0,0,0,0,0,0,0,0,0,0,0,1,0,0,0,0,0,0,0,1,0,0,0,0,0,0,1,0,0,0,0,0,0,0,0,0,0,0,0,0,0,0,1,0"
181,9,"5,5,2,2,2,6,6,6,6,5,5,5,2,8,8,6,6,6,5,8,5,2,8,6,6,6,6,8,8,5,2,8,6,6,6,6,8,5,5,8,8,6,6,4,6,8,8,8,8,8,7,4,4,4,3,8,8,3,8,7,4,4,4,3,3,3,3,7,7,0,7,4,3,3,3,1,7,7,7,7,7","","0,0,0,0,1,0,0,0,0,0,0,1,0,0,0,0,0,0,0,0,0,0,0,0,0,0,1,0,1,0,0,0,0,0,0,0,0,0,0,0,0,0,0,1,0,0,0,0,0,0,1,0,0,0,1,0,0,0,0,0,0,0,0,0,0,0,0,0,0,1,0,0,0,0,0,1,0,0,0,0,0"
182,10,"6,6,6,6,3,3,3,3,3,3,6,6,7,7,7,3,3,3,8,3,6,6,7,7,7,7,3,3,8,8,6,6,1,7,7,7,7,8,8,8,0,6,1,1,7,7,8,8,8,8,4,4,9,9,9,9,5,5,2,8,4,9,9,9,9,5,5,5,2,2,4,9,4,9,5,5,2,2,2,2,4,4,4,9,5,5,5,5,2,2,4,4,9,9,5,2,2,2,2,2","","0,0,0,1,0,0,0,0,0,0,0,0,0,0,0,0,0,1,0,0,0,0,0,0,0,1,0,0,0,0,0,0,1,0,0,0,0,0,0,0,1,0,0,0,0,0,0,0,0,0,0,0,0,0,0,0,0,0,0,1,0,0,0,0,1,0,0,0,0,0,0,0,0,0,0,0,0,0,1,0,0,0,0,0,0,0,1,0,0,0,0,1,0,0,0,0,0,0,0,0"
183,7,"5,5,5,2,2,2,2,5,5,5,2,5,2,2,0,5,5,5,5,2,2,0,3,5,5,5,4,4,6,3,4,4,4,4,4,6,3,3,3,3,4,1,6,6,6,6,1,1,1","","0,0,0,0,1,0,0,0,0,1,0,0,0,0,1,0,0,0,0,0,0,0,0,0,0,0,1,0,0,1,0,0,0,0,0,0,0,0,0,0,0,1,0,0,0,1,0,0,0"
184,6,"3,3,3,3,3,3,0,4,3,3,1,1,4,4,3,3,1,1,2,4,4,3,1,5,2,2,2,5,1,5,2,2,5,5,5,5","","0,0,0,1,0,0,1,0,0,0,0,0,0,0,0,0,1,0,0,0,1,0,0,0,0,0,0,0,0,1,0,1,0,0,0,0"
185,9,"5,7,7,7,8,8,8,8,8,5,5,7,7,7,1,1,8,8,5,5,5,7,0,1,6,8,8,5,5,4,7,7,1,6,6,8,4,5,4,4,6,6,6,6,6,4,4,4,4,6,3,3,6,6,2,4,2,4,4,4,3,3,3,2,2,2,4,3,3,3,3,3,2,2,2,2,2,2,3,3,3","","0,0,1,0,0,0,0,0,0,0,0,0,0,0,0,1,0,0,0,0,0,0,1,0,0,0,0,0,0,0,0,0,0,0,0,1,0,1,0,0,0,0,0,0,0,0,0,0,0,0,0,0,1,0,0,0,0,1,0,0,0,0,0,0,0,0,0,0,1,0,0,0,1,0,0,0,0,0,0,0,0"
186,9,"3,3,3,0,6,6,5,5,5,3,3,3,6,6,5,5,5,5,3,3,1,6,5,5,5,5,5,3,3,6,6,6,6,5,8,8,4,6,6,6,6,6,5,8,8,4,6,6,7,2,2,8,8,8,4,4,4,7,7,2,2,8,8,4,7,7,7,7,8,8,8,8,4,4,4,7,8,8,8,8,8","","0,0,0,1,0,0,0,0,0,0,0,0,0,0,0,0,1,0,0,0,1,0,0,0,0,0,0,1,0,0,0,0,0,0,0,0,0,0,0,0,0,1,0,0,0,0,0,0,0,0,0,0,0,1,0,0,0,0,0,0,1,0,0,0,0,0,0,1,0,0,0,0,0,1,0,0,0,0,0,0,0"
187,9,"6,6,6,6,6,4,4,4,4,1,6,6,6,6,4,4,4,4,6,6,6,4,4,4,7,4,4,5,5,2,2,7,7,7,7,0,5,5,5,2,7,7,7,3,3,5,5,8,7,7,7,7,3,3,5,8,8,8,7,7,3,3,3,5,5,8,8,7,7,3,3,3,5,5,8,8,7,7,3,3,3","","0,0,0,0,1,0,0,0,0,1,0,0,0,0,0,0,0,0,0,0,0,0,0,1,0,0,0,0,0,0,0,0,0,0,0,1,0,0,0,1,0,0,0,0,0,0,0,0,0,0,0,1,0,0,0,0,1,0,0,0,0,0,0,0,0,0,0,0,0,0,1,0,0,1,0,0,0,0,0,0,0"
188,10,"5,5,9,8,8,8,3,3,3,3,5,5,9,9,8,8,8,3,3,3,5,9,9,9,9,9,8,8,8,3,5,5,5,9,9,8,8,8,3,3,5,5,9,9,9,9,7,8,3,7,6,5,5,2,2,7,7,7,7,7,6,5,6,6,2,7,7,7,7,7,6,6,6,0,4,7,4,7,7,4,6,6,6,4,4,7,4,4,4,4,6,6,6,6,4,4,4,1,4,4","","0,1,0,0,0,0,0,0,0,0,0,0,0,0,0,1,0,0,0,0,0,0,1,0,0,0,0,0,0,0,0,0,0,0,0,0,0,0,1,0,0,0,0,0,0,0,1,0,0,0,0,0,0,0,1,0,0,0,0,0,1,0,0,0,0,0,0,0,0,0,0,0,0,1,0,0,0,0,0,0,0,0,0,0,0,0,0,0,0,1,0,0,0,0,0,0,0,1,0,0"
189,8,"2,2,7,7,7,5,5,5,7,7,7,7,7,7,5,5,4,7,7,7,5,5,5,5,4,6,7,6,6,1,5,5,4,6,6,6,6,3,3,0,4,6,4,6,6,3,3,3,4,4,4,4,6,3,3,3,4,4,4,4,3,3,3,3","","1,0,0,0,0,0,0,0,0,0,0,0,0,0,1,0,0,0,1,0,0,0,0,0,0,0,0,0,0,1,0,0,0,0,0,0,0,0,0,1,0,0,0,1,0,0,0,0,0,1,0,0,0,0,0,0,0,0,0,0,1,0,0,0;0,1,0,0,0,0,0,0,0,0,0,0,0,0,1,0,0,0,1,0,0,0,0,0,0,0,0,0,0,1,0,0,0,0,0,0,0,0,0,1,0,0,0,1,0,0,0,0,1,0,0,0,0,0,0,0,0,0,0,0,1,0,0,0"
190,10,"5,5,5,5,5,5,1,1,1,0,5,5,8,5,5,5,1,1,7,7,5,8,8,4,5,5,9,9,7,7,8,8,4,4,5,9,9,7,7,7,8,8,8,4,4,4,9,7,9,7,8,4,4,4,4,4,9,9,9,7,8,8,2,4,4,6,6,9,7,7,8,8,2,2,4,6,9,9,9,7,2,2,2,6,6,6,6,6,3,3,2,2,2,6,6,6,6,3,3,3","","0,0,0,0,0,0,0,0,0,1,0,0,0,0,0,0,1,0,0,0,1,0,0,0,0,0,0,0,0,0,0,0,0,0,0,1,0,0,0,0,0,1,0,0,0,0,0,0,0,0,0,0,0,1,0,0,0,0,0,0,0,0,0,0,0,0,0,0,1,0,0,0,1,0,0,0,0,0,0,0,0,0,0,0,1,0,0,0,0,0,0,0,0,0,0,0,0,1,0,0"
191,6,"3,4,4,4,4,4,3,1,1,1,4,4,3,1,5,5,5,5,3,3,5,2,5,2,3,0,5,2,5,2,3,3,2,2,2,2","","0,0,0,0,0,1,0,0,1,0,0,0,1,0,0,0,0,0,0,0,0,0,1,0,0,1,0,0,0,0,0,0,0,1,0,0"
192,7,"6,6,6,6,2,2,4,6,6,5,1,5,4,4,6,5,5,5,5,4,4,6,5,5,5,5,4,4,3,3,3,3,3,3,4,3,3,3,3,0,4,4,3,3,3,4,4,4,4","","0,0,0,0,0,1,0,0,0,0,1,0,0,0,1,0,0,0,0,0,0,0,0,1,0,0,0,0,0,0,0,0,0,0,1,0,0,0,0,1,0,0,0,1,0,0,0,0,0"
193,9,"3,3,3,3,3,8,8,8,8,6,3,0,3,7,7,8,8,8,6,6,6,7,7,7,1,8,8,6,6,6,7,7,5,1,1,1,6,6,5,5,5,5,5,5,1,2,6,5,5,5,5,5,4,4,2,2,2,5,5,4,5,4,4,2,2,2,4,4,4,5,4,4,2,2,2,2,4,4,4,4,4","","0,0,0,0,1,0,0,0,0,0,0,1,0,0,0,0,0,0,0,0,0,0,0,0,0,1,0,0,0,0,1,0,0,0,0,0,0,0,0,0,0,0,0,0,1,0,1,0,0,0,0,0,0,0,0,0,0,0,0,0,1,0,0,1,0,0,0,0,0,0,0,0,0,0,0,0,0,1,0,0,0"
194,8,"3,3,3,3,3,3,3,3,3,3,6,6,6,1,1,3,3,3,6,5,5,1,4,4,6,6,6,6,5,5,4,4,6,6,5,6,5,4,4,4,2,0,5,5,5,4,4,4,2,2,7,5,7,4,4,4,2,7,7,7,7,7,4,4","","0,0,0,1,0,0,0,0,0,0,0,0,0,0,1,0,0,0,1,0,0,0,0,0,0,0,0,0,0,1,0,0,0,0,0,0,0,0,0,1,0,1,0,0,0,0,0,0,0,0,0,0,1,0,0,0,1,0,0,0,0,0,0,0"
195,8,"4,4,4,4,2,2,2,2,6,6,6,4,4,2,2,2,6,6,6,4,4,2,2,0,6,6,6,5,7,2,7,7,6,1,1,5,7,7,7,7,5,5,5,5,3,7,7,3,5,3,3,3,3,3,3,3,3,3,3,3,3,3,3,3","","0,0,0,1,0,0,0,0,0,1,0,0,0,0,0,0,0,0,0,0,0,0,0,1,0,0,0,0,0,1,0,0,0,0,1,0,0,0,0,0,0,0,0,0,0,0,1,0,1,0,0,0,0,0,0,0,0,0,0,0,1,0,0,0"
196,8,"5,5,5,5,7,7,7,7,5,5,5,7,7,2,4,4,5,7,7,7,7,2,4,4,5,7,7,7,7,7,4,4,5,3,6,6,6,6,4,4,1,3,3,6,6,6,6,4,3,3,0,6,3,6,4,4,3,3,3,3,3,6,4,4","","0,0,0,0,0,0,1,0,0,1,0,0,0,0,0,0,0,0,0,0,0,1,0,0,0,0,0,0,0,0,0,1,0,0,0,1,0,0,0,0,1,0,0,0,0,0,0,0,0,0,1,0,0,0,0,0,0,0,0,0,1,0,0,0"
197,8,"2,2,2,2,1,1,1,1,2,2,3,3,1,1,1,1,2,6,3,3,1,3,1,1,6,6,6,3,3,3,1,4,6,5,6,0,3,4,1,4,6,5,5,0,4,4,4,4,7,7,7,0,7,7,7,4,7,7,7,7,7,4,4,4","","0,0,1,0,0,0,0,0,0,0,0,0,0,0,0,1,0,0,0,0,0,1,0,0,1,0,0,0,0,0,0,0,0,0,0,1,0,0,0,0,0,1,0,0,0,0,0,0,0,0,0,0,1,0,0,0,0,0,0,0,0,0,1,0"
198,8,"3,3,3,7,5,5,5,5,3,3,7,7,7,5,5,5,3,3,7,7,7,7,5,0,4,3,2,2,7,7,5,5,4,4,4,2,2,7,5,6,4,4,2,2,6,1,6,6,4,4,4,6,6,6,6,6,4,4,4,4,4,6,6,6","","0,0,0,0,1,0,0,0,0,0,1,0,0,0,0,0,0,0,0,0,0,0,0,1,0,1,0,0,0,0,0,0,0,0,0,1,0,0,0,0,0,0,0,0,0,1,0,0,1,0,0,0,0,0,0,0,0,0,0,0,0,0,1,0"
199,8,"2,2,2,3,3,3,3,3,2,2,2,2,3,3,3,3,2,4,2,5,5,3,3,3,2,4,5,5,7,7,7,3,4,4,5,5,5,7,7,7,4,5,5,6,1,7,6,6,4,4,5,6,1,1,0,6,4,4,4,6,6,6,6,6","","1,0,0,0,0,0,0,0,0,0,0,0,0,0,0,1,0,1,0,0,0,0,0,0,0,0,0,0,0,1,0,0,0,0,1,0,0,0,0,0,0,0,0,0,1,0,0,0,0,0,0,0,0,0,1,0,0,0,0,1,0,0,0,0"
200,8,"5,2,2,2,2,2,2,2,5,5,0,2,2,4,2,2,5,5,0,2,2,4,2,4,7,7,0,0,0,4,4,4,3,7,0,6,4,4,4,4,3,7,6,6,4,4,1,1,3,7,6,6,1,4,1,1,3,3,3,6,1,1,1,1","","0,0,0,0,0,1,0,0,1,0,0,0,0,0,0,0,0,0,0,0,0,0,0,1,0,0,0,0,1,0,0,0,0,1,0,0,0,0,0,0,0,0,0,1,0,0,0,0,0,0,0,0,0,0,1,0,0,0,1,0,0,0,0,0;0,0,0,0,0,0,0,1,0,0,0,0,0,1,0,0,1,0,0,0,0,0,0,0,0,0,0,0,1,0,0,0,0,1,0,0,0,0,0,0,0,0,0,1,0,0,0,0,0,0,0,0,0,0,1,0,0,0,1,0,0,0,0,0"
201,8,"3,3,3,3,3,1,1,1,3,3,3,1,1,1,1,1,3,3,3,4,1,1,1,4,3,0,0,4,4,4,4,4,0,0,0,7,4,4,4,4,7,7,7,7,6,6,6,6,7,5,5,5,6,2,2,2,7,5,5,5,5,5,2,2","","1,0,0,0,0,0,0,0,0,0,0,0,1,0,0,0,0,0,0,0,0,0,0,1,0,1,0,0,0,0,0,0,0,0,0,1,0,0,0,0,0,0,0,0,0,1,0,0,0,0,1,0,0,0,0,0,0,0,0,0,0,0,1,0"
202,9,"7,7,7,7,7,7,2,8,4,7,0,7,5,7,8,2,8,4,7,7,5,5,7,8,8,8,4,5,5,5,8,8,8,8,4,4,5,5,5,6,6,8,8,4,4,5,5,5,6,6,6,8,4,4,5,3,3,3,6,6,4,4,4,3,3,6,6,6,6,6,4,4,3,3,3,3,6,6,6,6,1","","0,0,0,0,0,0,1,0,0,0,1,0,0,0,0,0,0,0,0,0,0,0,1,0,0,0,0,0,0,1,0,0,0,0,0,0,0,0,0,0,0,1,0,0,0,0,0,0,1,0,0,0,0,0,0,0,0,0,0,0,0,1,0,1,0,0,0,0,0,0,0,0,0,0,0,0,0,0,0,0,1"
203,9,"1,1,7,5,5,5,5,2,2,1,1,7,7,7,5,2,2,2,1,6,7,7,7,7,7,7,8,6,6,6,6,6,7,8,8,8,6,6,0,0,6,8,8,8,8,3,6,3,0,0,8,8,4,4,3,3,3,3,0,8,8,4,4,3,4,4,4,4,4,8,4,4,3,4,4,4,4,4,4,4,4","","0,0,0,1,0,0,0,0,0,0,0,0,0,0,0,0,1,0,1,0,0,0,0,0,0,0,0,0,0,0,0,0,1,0,0,0,0,1,0,0,0,0,0,0,0,0,0,0,0,1,0,0,0,0,0,0,1,0,0,0,0,0,0,0,0,0,0,0,0,1,0,0,0,0,0,0,0,0,0,0,1"
204,8,"0,6,6,3,3,3,3,3,6,6,6,6,5,5,3,3,6,6,7,6,5,3,3,3,6,7,7,6,5,5,1,3,6,6,7,7,5,5,5,4,2,2,7,7,5,4,5,4,2,2,2,7,5,4,4,4,2,7,7,7,7,7,4,4","","1,0,0,0,0,0,0,0,0,0,0,0,0,0,0,1,0,0,0,1,0,0,0,0,0,0,0,0,0,0,1,0,0,0,0,0,1,0,0,0,0,1,0,0,0,0,0,0,0,0,0,0,0,1,0,0,0,0,1,0,0,0,0,0"
205,5,"4,1,1,1,1,4,4,1,1,1,0,0,2,1,2,3,3,2,2,2,3,3,3,2,2","","1,0,0,0,0,0,0,0,1,0,0,1,0,0,0,0,0,0,0,1,0,0,1,0,0"
206,4,"3,3,3,1,3,0,1,1,0,0,1,2,0,2,2,2","","0,1,0,0,0,0,0,1,1,0,0,0,0,0,1,0"
207,9,"7,7,1,1,8,8,8,4,4,7,1,1,8,0,8,8,4,4,7,7,7,8,8,8,8,4,4,3,3,7,5,5,5,4,4,4,3,7,7,5,5,5,5,2,2,3,3,7,7,5,5,5,2,2,3,3,7,7,6,6,5,5,2,3,3,6,6,6,6,5,5,2,3,6,6,6,6,2,2,2,2","","0,0,1,0,0,0,0,0,0,0,0,0,0,1,0,0,0,0,0,0,0,0,0,0,1,0,0,0,0,0,0,0,0,0,0,1,0,1,0,0,0,0,0,0,0,0,0,0,0,0,1,0,0,0,1,0,0,0,0,0,0,0,0,0,0,0,1,0,0,0,0,0,0,0,0,0,0,0,0,1,0"
208,8,"2,2,2,2,5,5,1,1,2,2,2,5,5,1,1,6,2,2,5,5,5,1,6,6,2,5,5,5,5,1,6,6,2,5,5,0,0,7,6,3,2,5,0,0,0,7,6,3,2,4,0,4,0,7,7,3,4,4,4,4,7,7,3,3","","1,0,0,0,0,0,0,0,0,0,0,0,0,1,0,0,0,0,1,0,0,0,0,0,0,0,0,0,0,0,1,0,0,0,0,1,0,0,0,0,0,0,0,0,0,0,0,1,0,1,0,0,0,0,0,0,0,0,0,0,1,0,0,0"
209,9,"4,4,4,8,8,8,8,8,8,4,4,4,4,8,8,0,8,8,4,4,4,7,7,8,8,2,5,7,4,4,7,2,2,2,2,5,7,7,7,7,2,6,2,5,5,7,7,7,6,6,6,5,5,5,7,3,6,6,5,5,5,5,5,3,3,1,6,6,6,5,5,5,3,3,3,6,6,6,5,5,5","","0,0,0,0,1,0,0,0,0,0,0,0,0,0,0,1,0,0,0,1,0,0,0,0,0,0,0,0,0,0,0,0,0,0,1,0,0,0,0,1,0,0,0,0,0,0,0,0,0,0,1,0,0,0,0,0,0,0,0,0,0,0,1,0,0,1,0,0,0,0,0,0,1,0,0,0,0,0,0,0,0"
210,9,"5,6,6,6,2,2,2,2,2,5,5,5,6,8,2,2,2,4,5,0,0,6,8,2,2,4,4,5,0,0,6,8,2,2,4,4,7,0,8,8,8,4,4,4,4,7,7,7,3,4,4,4,1,1,7,7,7,3,3,3,4,4,1,7,3,3,3,3,1,1,4,1,7,3,3,3,1,1,1,1,1","","0,0,0,1,0,0,0,0,0,0,1,0,0,0,0,0,0,0,0,0,0,0,0,0,1,0,0,0,0,1,0,0,0,0,0,0,0,0,0,0,1,0,0,0,0,0,0,0,0,0,0,0,0,1,0,0,0,0,0,1,0,0,0,0,0,0,0,0,0,0,1,0,1,0,0,0,0,0,0,0,0"
211,10,"3,3,3,6,6,9,9,9,4,4,3,3,6,6,9,9,4,4,4,4,3,3,6,6,6,9,8,8,8,4,3,6,6,6,6,9,9,8,8,4,3,6,6,6,6,8,8,8,8,4,3,3,3,6,6,8,8,0,8,4,3,3,6,6,6,8,7,7,7,7,5,5,5,5,6,2,7,7,7,7,5,1,5,5,5,2,5,7,7,7,5,5,5,5,5,5,5,7,7,7","","0,0,0,0,0,0,0,0,1,0,0,0,0,0,1,0,0,0,0,0,0,0,0,0,0,0,1,0,0,0,1,0,0,0,0,0,0,0,0,0,0,0,1,0,0,0,0,0,0,0,0,0,0,0,0,0,0,1,0,0,0,0,0,0,0,0,0,0,0,1,0,0,0,0,0,1,0,0,0,0,0,1,0,0,0,0,0,0,0,0,0,0,0,1,0,0,0,0,0,0;0,0,0,0,0,0,0,0,1,0,0,0,0,0,1,0,0,0,0,0,0,0,0,0,0,0,1,0,0,0,0,0,1,0,0,0,0,0,0,0,1,0,0,0,0,0,0,0,0,0,0,0,0,0,0,0,0,1,0,0,0,0,0,0,0,0,0,0,0,1,0,0,0,0,0,1,0,0,0,0,0,1,0,0,0,0,0,0,0,0,0,0,0,1,0,0,0,0,0,0"
212,8,"3,3,3,3,3,4,4,0,3,3,3,4,4,4,4,4,3,3,5,5,4,7,4,4,6,6,5,5,4,7,4,7,1,6,5,5,7,7,7,7,6,6,5,5,5,7,7,7,6,6,5,5,5,7,7,7,6,6,6,2,2,2,2,2","","0,0,0,0,0,0,0,1,0,0,1,0,0,0,0,0,0,0,0,0,0,0,1,0,0,0,0,1,0,0,0,0,1,0,0,0,0,0,0,0,0,0,0,0,0,1,0,0,0,1,0,0,0,0,0,0,0,0,0,0,1,0,0,0"
213,10,"4,4,4,8,8,8,8,8,8,0,4,4,4,8,8,5,8,8,8,8,4,4,4,8,8,5,8,9,2,2,4,4,6,6,6,5,5,9,9,9,4,6,6,6,6,5,9,9,9,9,3,1,6,6,6,5,9,9,9,9,3,3,6,7,7,5,5,9,9,9,3,3,6,7,7,7,5,5,5,9,3,3,6,7,7,7,5,5,5,9,3,3,3,3,7,7,7,7,5,5","","0,0,0,0,0,0,0,0,0,1,0,0,0,0,1,0,0,0,0,0,0,0,0,0,0,0,0,0,1,0,1,0,0,0,0,0,0,0,0,0,0,0,0,0,0,0,0,1,0,0,0,1,0,0,0,0,0,0,0,0,0,0,0,0,0,0,1,0,0,0,0,0,1,0,0,0,0,0,0,0,0,0,0,0,0,1,0,0,0,0,0,0,0,1,0,0,0,0,0,0"
214,8,"6,6,6,6,7,7,3,3,6,6,6,7,7,7,3,3,1,6,6,7,5,7,3,3,1,1,6,5,5,7,7,3,4,4,5,5,5,5,3,3,4,4,4,5,2,5,5,2,4,4,4,5,2,5,5,2,4,0,4,4,2,2,2,2","","0,0,0,1,0,0,0,0,0,0,0,0,0,1,0,0,1,0,0,0,0,0,0,0,0,0,0,0,1,0,0,0,0,0,0,0,0,0,1,0,0,0,1,0,0,0,0,0,0,0,0,0,0,0,0,1,0,1,0,0,0,0,0,0"
215,9,"7,7,7,3,3,3,0,0,0,7,7,3,3,3,3,0,5,5,7,3,3,3,3,3,5,5,5,7,3,3,4,3,3,5,5,5,7,3,4,4,4,3,5,5,8,7,7,4,4,4,5,5,5,8,7,7,1,4,4,8,8,8,8,1,7,1,6,4,6,8,2,2,1,1,1,6,6,6,6,2,2","","1,0,0,0,0,0,0,0,0,0,0,0,0,0,0,1,0,0,0,1,0,0,0,0,0,0,0,0,0,0,1,0,0,0,0,0,0,0,0,0,0,0,0,0,1,0,0,0,0,0,1,0,0,0,0,0,1,0,0,0,0,0,0,0,0,0,0,0,0,0,1,0,0,0,0,0,1,0,0,0,0"
216,8,"3,3,3,3,3,3,5,0,3,7,7,7,3,3,5,5,4,7,7,7,3,5,5,5,4,7,7,2,2,2,5,5,4,1,7,7,2,6,5,6,4,4,7,7,6,6,6,6,4,4,4,4,6,6,6,6,4,4,4,4,6,6,6,6","","0,0,0,0,0,0,0,1,1,0,0,0,0,0,0,0,0,0,0,0,0,0,1,0,0,0,0,0,1,0,0,0,0,1,0,0,0,0,0,0,0,0,0,1,0,0,0,0,0,0,0,0,0,1,0,0,0,0,1,0,0,0,0,0"
217,9,"7,7,7,7,3,3,3,3,3,5,5,7,7,7,3,3,3,0,5,5,5,7,7,7,3,3,3,5,2,2,7,7,8,4,4,3,5,5,2,2,8,8,4,4,4,6,6,6,2,8,8,8,8,4,6,6,6,8,8,8,4,8,4,6,6,6,1,8,8,4,4,4,6,6,6,6,8,8,8,8,4","","0,0,0,0,0,1,0,0,0,0,0,0,0,0,0,0,0,1,0,1,0,0,0,0,0,0,0,0,0,0,0,1,0,0,0,0,0,0,1,0,0,0,0,0,0,1,0,0,0,0,0,0,0,0,0,0,0,0,0,0,1,0,0,0,0,0,1,0,0,0,0,0,0,0,0,0,0,0,0,1,0"
218,8,"6,6,6,5,2,2,7,7,6,6,6,5,7,2,7,0,6,5,6,5,7,7,7,7,3,5,5,5,5,7,7,4,3,3,5,4,7,7,7,4,3,3,3,4,4,7,7,4,3,3,3,4,7,7,4,4,3,3,1,4,4,4,4,4","","0,0,0,0,1,0,0,0,0,0,0,0,0,0,0,1,1,0,0,0,0,0,0,0,0,0,0,1,0,0,0,0,0,0,0,0,0,1,0,0,0,1,0,0,0,0,0,0,0,0,0,0,0,0,1,0,0,0,1,0,0,0,0,0"
219,10,"2,2,8,8,8,4,4,4,4,4,2,2,8,8,8,8,4,4,4,4,2,2,2,2,8,8,4,6,4,4,2,2,2,3,3,3,6,6,4,6,2,2,3,3,3,3,6,6,6,6,5,3,3,3,3,6,6,6,6,7,5,5,3,3,3,7,7,7,7,7,5,5,5,5,9,9,9,7,7,7,5,5,5,5,9,9,9,9,1,0,5,5,5,5,9,9,9,1,1,1","","0,0,0,0,0,1,0,0,0,0,0,0,0,1,0,0,0,0,0,0,0,1,0,0,0,0,0,0,0,0,0,0,0,0,0,0,1,0,0,0,0,0,1,0,0,0,0,0,0,0,1,0,0,0,0,0,0,0,0,0,0,0,0,0,0,0,0,0,1,0,0,0,0,0,1,0,0,0,0,0,0,0,0,0,0,0,0,0,0,1,0,0,0,0,0,0,0,1,0,0"
220,9,"3,3,3,3,3,3,0,7,7,3,3,3,3,3,3,0,7,7,3,3,3,4,4,4,4,7,7,8,8,4,4,4,7,7,7,7,8,8,4,4,4,4,5,7,7,8,8,8,4,4,4,5,5,7,1,8,8,8,5,5,5,2,2,1,1,8,6,5,6,5,2,2,1,1,8,6,6,6,2,2,2","","0,0,1,0,0,0,0,0,0,0,0,0,0,0,0,1,0,0,0,0,0,1,0,0,0,0,0,0,0,0,0,0,1,0,0,0,0,1,0,0,0,0,0,0,0,0,0,0,0,0,0,0,1,0,1,0,0,0,0,0,0,0,0,0,0,0,0,0,0,0,0,1,0,0,0,0,1,0,0,0,0"
221,9,"8,8,8,8,1,1,6,6,6,8,4,8,8,8,1,6,6,6,8,4,8,8,8,6,6,6,6,4,4,8,5,5,5,5,5,6,4,4,8,5,5,0,5,6,6,4,2,2,5,5,5,5,3,6,4,4,2,5,5,7,3,3,6,2,4,2,7,7,7,3,3,3,2,2,2,2,7,7,3,3,3","","0,0,0,0,1,0,0,0,0,0,0,0,0,0,0,0,0,1,0,0,1,0,0,0,0,0,0,0,0,0,0,0,0,0,1,0,0,0,0,0,0,1,0,0,0,1,0,0,0,0,0,0,0,0,0,0,0,0,0,0,1,0,0,0,0,0,1,0,0,0,0,0,0,1,0,0,0,0,0,0,0"
222,9,"7,7,7,7,1,4,4,4,4,7,7,7,7,7,4,0,4,4,7,7,7,7,7,4,4,4,4,2,5,7,5,7,5,8,8,8,2,5,5,5,5,5,5,5,8,5,5,5,5,5,5,3,5,8,6,5,6,6,6,5,3,8,8,6,6,6,6,6,3,3,8,3,6,6,6,6,6,3,3,3,3","","0,0,0,0,1,0,0,0,0,0,0,0,0,0,0,1,0,0,0,0,0,0,0,0,0,0,1,0,0,1,0,0,0,0,0,0,1,0,0,0,0,0,0,0,0,0,0,0,1,0,0,0,0,0,0,0,0,0,0,0,0,1,0,0,1,0,0,0,0,0,0,0,0,0,0,0,0,1,0,0,0;0,0,0,0,1,0,0,0,0,0,0,0,0,0,0,1,0,0,0,0,0,0,0,0,0,0,1,0,0,1,0,0,0,0,0,0,1,0,0,0,0,0,0,0,0,0,0,0,1,0,0,0,0,0,0,0,0,0,0,0,0,1,0,0,0,0,0,0,1,0,0,0,0,1,0,0,0,0,0,0,0"
223,7,"0,0,6,6,6,2,2,5,0,6,6,6,6,2,5,0,6,6,6,2,2,5,5,4,4,6,2,1,3,5,4,6,6,1,1,3,3,4,4,1,1,1,3,3,3,4,1,1,1","","1,0,0,0,0,0,0,0,0,0,0,1,0,0,0,0,0,0,0,0,1,0,0,0,1,0,0,0,0,1,0,0,0,0,0,0,0,0,0,0,1,0,0,0,1,0,0,0,0"
224,6,"0,1,1,5,4,4,3,3,1,5,4,4,3,3,1,5,5,4,3,3,5,5,4,4,3,3,2,2,4,2,3,2,2,2,2,2","","1,0,0,0,0,0,0,0,1,0,0,0,0,0,0,0,0,1,0,0,0,1,0,0,0,1,0,0,0,0,0,0,0,0,1,0"
225,8,"3,3,3,7,7,7,7,7,3,3,5,7,7,7,7,7,3,2,5,7,1,1,1,7,2,2,5,5,1,1,6,6,2,5,5,6,6,1,6,6,2,2,5,5,6,6,6,6,2,2,5,6,6,6,6,4,2,0,4,4,4,4,4,4","","0,0,1,0,0,0,0,0,0,0,0,0,1,0,0,0,0,0,0,0,0,0,1,0,0,0,0,1,0,0,0,0,1,0,0,0,0,0,0,0,0,0,0,0,0,1,0,0,0,0,0,0,0,0,0,1,0,1,0,0,0,0,0,0"
226,8,"3,5,5,5,5,5,2,2,3,3,5,5,2,2,2,2,3,3,3,6,6,4,2,2,3,3,3,6,4,4,0,4,3,3,3,6,6,4,4,4,3,6,3,6,4,4,4,4,3,6,6,6,1,7,7,4,3,6,1,1,1,7,7,7","","0,1,0,0,0,0,0,0,0,0,0,0,1,0,0,0,1,0,0,0,0,0,0,0,0,0,0,0,0,0,1,0,0,0,0,1,0,0,0,0,0,0,0,0,0,0,0,1,0,0,0,0,0,1,0,0,0,0,1,0,0,0,0,0"
227,9,"4,4,4,4,4,8,1,1,6,4,4,5,8,8,8,1,6,6,4,4,5,5,0,8,8,6,6,4,4,4,5,5,8,8,8,6,4,4,5,5,5,8,8,8,6,4,2,2,5,5,5,8,8,3,2,2,2,5,5,5,8,3,3,2,2,2,7,7,7,7,3,3,2,2,2,2,7,7,7,3,3","","0,0,0,0,0,0,1,0,0,0,0,1,0,0,0,0,0,0,0,0,0,0,1,0,0,0,0,0,0,0,0,0,0,0,0,1,0,0,0,0,0,1,0,0,0,1,0,0,0,0,0,0,0,0,0,0,0,0,0,0,0,1,0,0,0,0,1,0,0,0,0,0,0,1,0,0,0,0,0,0,0"
228,9,"0,0,6,6,7,7,7,7,7,6,6,6,6,7,7,7,3,3,5,4,4,6,7,7,3,3,3,5,4,4,4,4,3,3,1,3,5,5,5,4,4,3,3,1,3,5,5,5,5,4,3,3,1,1,2,5,5,8,4,4,1,1,1,2,5,5,8,4,4,1,1,1,2,8,8,8,8,4,1,1,1","","0,1,0,0,0,0,0,0,0,0,0,0,0,0,0,1,0,0,0,0,0,1,0,0,0,0,0,0,0,0,0,0,0,0,0,1,0,0,1,0,0,0,0,0,0,0,0,0,0,0,0,0,1,0,0,0,0,0,0,1,0,0,0,1,0,0,0,0,0,0,0,0,0,0,0,0,1,0,0,0,0"
229,8,"3,3,3,3,1,1,1,1,3,3,1,1,1,1,1,1,3,3,3,1,5,5,5,1,3,6,3,1,4,4,5,5,6,6,6,4,4,7,5,5,6,0,6,7,4,7,5,5,6,0,7,7,7,7,7,5,6,0,2,2,2,2,2,5","","0,0,0,0,0,0,0,1,1,0,0,0,0,0,0,0,0,0,0,0,0,0,1,0,0,0,0,0,1,0,0,0,0,0,1,0,0,0,0,0,0,0,0,0,0,1,0,0,0,1,0,0,0,0,0,0,0,0,0,1,0,0,0,0"
230,9,"2,2,2,2,5,5,5,5,5,2,2,2,2,5,5,5,5,5,6,2,6,2,2,5,5,5,5,6,6,6,4,4,5,0,0,5,6,6,6,6,4,5,8,0,5,6,6,6,4,4,8,8,0,8,1,4,4,4,4,8,8,8,8,1,1,7,7,7,3,3,3,8,1,1,1,1,7,7,7,3,8","","0,1,0,0,0,0,0,0,0,0,0,0,0,0,1,0,0,0,0,0,1,0,0,0,0,0,0,0,0,0,0,0,0,1,0,0,0,0,0,0,1,0,0,0,0,0,0,0,0,0,0,0,0,1,1,0,0,0,0,0,0,0,0,0,0,0,1,0,0,0,0,0,0,0,0,0,0,0,0,1,0"
231,9,"4,4,4,4,8,8,8,8,8,4,4,4,0,8,8,8,8,5,3,3,4,8,8,8,8,5,5,3,4,4,6,6,2,2,2,5,3,4,4,6,6,7,2,5,5,3,4,6,6,6,7,2,2,5,3,3,3,6,6,7,7,5,5,3,3,6,6,7,7,1,5,5,3,3,3,7,7,7,5,5,5","","0,1,0,0,0,0,0,0,0,0,0,0,1,0,0,0,0,0,0,0,0,0,0,1,0,0,0,0,0,0,0,0,0,0,1,0,1,0,0,0,0,0,0,0,0,0,0,1,0,0,0,0,0,0,0,0,0,0,0,0,0,0,1,0,0,0,0,0,0,1,0,0,0,0,0,0,1,0,0,0,0"
232,8,"2,2,2,2,3,3,3,3,2,2,2,2,5,3,3,3,2,2,5,5,5,3,3,3,2,2,5,5,7,7,7,0,4,4,4,5,6,7,7,7,4,4,4,5,6,6,6,7,4,4,4,6,6,6,6,7,4,4,4,1,1,1,6,7","","0,0,0,0,1,0,0,0,1,0,0,0,0,0,0,0,0,0,1,0,0,0,0,0,0,0,0,0,0,0,0,1,0,0,0,0,0,1,0,0,0,1,0,0,0,0,0,0,0,0,0,0,0,0,1,0,0,0,0,1,0,0,0,0"
233,9,"5,5,5,6,3,3,3,3,3,5,5,5,6,6,6,3,3,3,5,6,6,6,6,6,3,3,3,5,5,6,6,6,3,3,7,3,5,5,8,6,1,7,7,7,7,5,8,8,8,8,7,7,7,7,5,2,2,2,8,4,4,7,7,5,5,8,8,8,0,4,4,4,8,8,8,8,4,4,4,4,4","","1,0,0,0,0,0,0,0,0,0,0,0,0,0,0,1,0,0,0,0,1,0,0,0,0,0,0,0,0,0,0,0,0,0,1,0,0,0,0,0,1,0,0,0,0,0,1,0,0,0,0,0,0,0,0,0,0,1,0,0,0,0,0,0,0,0,0,0,1,0,0,0,0,0,0,0,0,0,0,0,1;0,0,0,0,0,0,1,0,0,1,0,0,0,0,0,0,0,0,0,0,1,0,0,0,0,0,0,0,0,0,0,0,0,0,1,0,0,0,0,0,1,0,0,0,0,0,1,0,0,0,0,0,0,0,0,0,0,1,0,0,0,0,0,0,0,0,0,0,1,0,0,0,0,0,0,0,0,0,0,0,1"
234,9,"3,6,6,6,6,6,0,8,8,3,3,3,6,6,6,0,8,8,3,3,6,6,6,0,0,8,7,3,6,6,6,4,0,8,8,7,3,4,4,4,4,5,8,8,7,3,3,1,4,4,5,5,7,7,3,3,1,4,4,5,5,2,7,1,1,1,4,5,5,2,2,7,1,1,1,1,1,5,5,2,2","","0,0,1,0,0,0,0,0,0,1,0,0,0,0,0,0,0,0,0,0,0,0,0,1,0,0,0,0,0,0,0,0,0,0,0,1,0,0,0,0,0,0,1,0,0,0,0,0,1,0,0,0,0,0,0,0,0,0,0,0,0,1,0,0,0,0,0,1,0,0,0,0,0,1,0,0,0,0,0,0,0"
235,9,"6,6,6,6,6,6,6,2,2,6,0,6,6,6,6,2,2,2,6,0,0,6,6,5,5,5,5,6,0,0,4,5,5,5,7,7,6,0,4,4,4,5,5,7,7,6,3,3,3,4,4,8,7,1,6,3,4,4,4,4,8,8,1,3,3,3,3,4,4,8,8,1,3,3,3,3,4,8,8,1,1","","1,0,0,0,0,0,0,0,0,0,0,0,0,0,0,1,0,0,0,0,1,0,0,0,0,0,0,0,0,0,0,1,0,0,0,0,0,0,0,0,0,0,0,1,0,0,1,0,0,0,0,0,0,0,0,0,0,1,0,0,0,0,0,0,0,0,0,0,0,0,0,1,0,0,0,0,0,1,0,0,0"
236,9,"5,5,5,8,8,8,8,8,8,5,5,8,8,8,8,8,8,8,5,5,8,8,8,2,2,4,4,5,6,6,8,8,2,4,4,4,3,6,6,8,8,7,7,4,4,3,6,6,6,6,6,7,4,4,3,3,6,6,7,7,7,4,1,3,3,3,7,7,7,7,4,4,3,0,3,7,7,7,4,4,4","","0,0,1,0,0,0,0,0,0,0,0,0,0,1,0,0,0,0,0,0,0,0,0,0,0,1,0,0,0,0,0,0,1,0,0,0,1,0,0,0,0,0,0,0,0,0,0,0,1,0,0,0,0,0,0,0,0,0,0,0,0,0,1,0,0,0,0,0,0,1,0,0,0,1,0,0,0,0,0,0,0"
237,8,"4,4,4,2,2,2,2,2,4,4,4,2,2,2,2,6,3,3,4,4,2,6,2,6,3,0,0,7,6,6,6,6,3,7,7,7,5,6,6,6,3,7,7,5,5,1,1,1,7,7,7,5,1,1,1,1,7,5,5,5,1,1,1,1","","0,0,0,0,0,1,0,0,0,0,0,0,0,0,0,1,0,0,0,1,0,0,0,0,0,1,0,0,0,0,0,0,0,0,0,0,1,0,0,0,1,0,0,0,0,0,0,0,0,0,1,0,0,0,0,0,0,0,0,0,0,0,1,0"
238,8,"1,1,1,1,7,5,5,5,7,7,7,7,7,7,7,5,7,7,7,7,7,5,5,5,3,3,4,4,4,5,4,5,3,3,3,4,4,4,4,5,3,3,3,4,4,4,4,2,3,3,3,6,6,2,2,2,0,6,6,6,6,2,2,2","","0,0,1,0,0,0,0,0,0,0,0,0,1,0,0,0,0,0,0,0,0,0,1,0,0,1,0,0,0,0,0,0,0,0,0,0,0,1,0,0,0,0,0,0,0,0,0,1,0,0,0,1,0,0,0,0,1,0,0,0,0,0,0,0"
239,8,"7,7,7,7,7,4,4,4,2,2,0,7,7,4,4,4,2,7,7,7,7,7,7,4,5,5,7,6,6,7,4,4,5,5,6,6,6,6,6,6,5,5,3,6,6,6,3,1,5,3,3,3,3,6,3,3,5,5,5,5,3,3,3,3","","0,0,0,0,0,0,1,0,0,0,1,0,0,0,0,0,1,0,0,0,0,0,0,0,0,0,0,0,0,1,0,0,0,0,0,1,0,0,0,0,0,0,0,0,0,0,0,1,0,0,0,0,1,0,0,0,0,1,0,0,0,0,0,0"
240,9,"2,2,2,2,1,1,1,1,1,2,2,2,5,5,5,1,1,1,8,2,5,5,5,1,1,3,1,8,2,2,8,5,1,1,3,1,8,8,8,8,5,5,1,3,3,8,8,8,0,6,6,1,6,3,4,4,4,0,0,6,6,6,3,4,7,7,7,7,7,3,6,3,4,7,7,7,7,3,3,3,3","","0,0,1,0,0,0,0,0,0,0,0,0,0,0,1,0,0,0,1,0,0,0,0,0,0,0,0,0,0,0,0,0,0,1,0,0,0,0,0,0,0,0,0,0,1,0,0,0,1,0,0,0,0,0,0,1,0,0,0,0,0,0,0,0,0,0,0,0,0,0,1,0,0,0,0,0,1,0,0,0,0"
241,8,"3,3,3,3,6,6,6,6,3,3,3,3,3,3,6,6,3,3,3,3,6,6,6,1,2,4,4,4,6,6,1,1,2,4,4,4,1,1,1,5,2,4,0,4,7,7,5,5,2,2,2,7,7,7,5,5,2,2,2,7,5,5,5,5","","0,0,0,0,0,1,0,0,0,1,0,0,0,0,0,0,0,0,0,0,0,0,0,1,0,0,0,1,0,0,0,0,1,0,0,0,0,0,0,0,0,0,1,0,0,0,0,0,0,0,0,0,1,0,0,0,0,0,0,0,0,0,1,0"
242,9,"4,4,4,4,7,7,3,3,3,4,4,6,4,7,7,7,3,3,4,4,6,7,7,7,7,0,3,4,4,6,7,7,7,3,3,3,4,6,6,5,5,5,5,5,5,6,6,6,5,5,5,5,5,5,6,6,6,6,5,5,8,5,5,1,6,6,8,8,8,8,8,8,8,8,8,8,2,2,2,8,8","","0,0,0,0,0,0,0,0,1,0,1,0,0,0,0,0,0,0,0,0,0,0,0,0,0,1,0,0,0,0,1,0,0,0,0,0,0,0,0,0,0,1,0,0,0,0,0,1,0,0,0,0,0,0,0,0,0,0,0,0,1,0,0,1,0,0,0,0,0,0,0,0,0,0,0,0,1,0,0,0,0"
243,10,"5,5,8,8,8,8,8,3,3,3,5,5,5,8,8,8,8,3,3,3,5,5,5,8,8,6,1,3,3,3,5,5,8,8,6,6,6,6,7,3,5,5,6,6,6,6,6,6,7,3,5,5,6,6,7,6,6,6,7,7,9,9,9,9,7,7,7,7,7,7,2,2,9,9,9,4,4,4,4,4,2,9,9,9,4,4,4,4,4,4,2,0,9,9,9,9,9,4,4,4","","0,0,0,0,1,0,0,0,0,0,0,0,1,0,0,0,0,0,0,0,0,0,0,0,0,0,1,0,0,0,0,0,0,0,0,0,0,0,0,1,0,0,0,0,0,1,0,0,0,0,0,0,0,0,0,0,0,0,1,0,0,0,0,1,0,0,0,0,0,0,1,0,0,0,0,0,0,0,0,0,0,0,0,0,0,0,0,1,0,0,0,1,0,0,0,0,0,0,0,0;0,0,0,0,0,1,0,0,0,0,0,0,1,0,0,0,0,0,0,0,0,0,0,0,0,0,1,0,0,0,0,0,0,0,0,0,0,0,0,1,0,0,0,0,1,0,0,0,0,0,0,0,0,0,0,0,0,0,1,0,0,0,0,1,0,0,0,0,0,0,1,0,0,0,0,0,0,0,0,0,0,0,0,0,0,0,0,1,0,0,0,1,0,0,0,0,0,0,0,0"
244,8,"1,7,7,7,3,3,3,3,1,1,7,7,3,3,3,3,5,5,7,7,7,7,7,3,5,5,7,7,6,6,3,3,2,5,5,5,6,0,0,4,2,5,6,6,6,0,4,4,2,5,6,6,4,4,4,4,2,5,6,6,4,4,4,4","","0,0,0,1,0,0,0,0,0,1,0,0,0,0,0,0,0,0,0,0,0,0,0,1,0,0,0,0,1,0,0,0,0,0,1,0,0,0,0,0,0,0,0,0,0,1,0,0,1,0,0,0,0,0,0,0,0,0,0,0,0,0,1,0"
245,8,"0,3,3,3,7,4,4,4,3,3,3,7,7,4,4,4,3,3,3,3,7,7,7,4,3,3,7,7,7,7,7,4,6,6,6,7,6,1,7,4,5,5,6,6,6,6,6,4,5,5,5,5,2,2,6,6,5,5,5,5,5,5,6,6","","1,0,0,0,0,0,0,0,0,0,1,0,0,0,0,0,0,0,0,0,0,0,0,1,0,0,0,1,0,0,0,0,0,0,0,0,0,1,0,0,0,1,0,0,0,0,0,0,0,0,0,0,1,0,0,0,0,0,0,0,0,0,1,0"
246,9,"5,5,5,5,5,6,6,0,6,5,5,5,5,5,5,6,6,6,5,5,8,2,2,6,6,6,6,5,5,8,8,2,2,7,6,6,5,8,8,8,8,7,7,7,6,8,8,8,8,4,7,7,7,7,8,4,8,4,4,7,7,3,3,4,4,4,4,1,3,7,7,3,4,4,4,4,3,3,3,3,3","","0,0,0,0,0,0,0,1,0,1,0,0,0,0,0,0,0,0,0,0,0,1,0,0,0,0,0,0,0,0,0,0,0,0,0,1,0,0,1,0,0,0,0,0,0,0,0,0,0,0,1,0,0,0,0,1,0,0,0,0,0,0,0,0,0,0,0,1,0,0,0,0,0,0,0,0,0,0,1,0,0"
247,10,"5,5,5,9,9,9,9,9,8,8,5,5,5,1,9,9,9,9,8,8,5,5,5,9,9,9,9,2,8,8,5,6,6,6,6,9,9,2,8,8,5,5,5,6,6,6,0,8,8,8,3,6,6,6,6,6,6,6,8,8,3,6,3,7,7,6,6,8,8,4,3,6,3,7,4,4,4,4,4,4,3,3,3,7,7,7,4,4,4,4,3,3,7,7,4,4,4,4,4,4","","0,0,0,0,0,1,0,0,0,0,0,0,0,1,0,0,0,0,0,0,0,0,0,0,0,0,0,1,0,0,1,0,0,0,0,0,0,0,0,0,0,0,0,0,0,0,1,0,0,0,0,1,0,0,0,0,0,0,0,0,0,0,0,0,0,0,0,0,1,0,0,0,1,0,0,0,0,0,0,0,0,0,0,0,1,0,0,0,0,0,0,0,0,0,0,0,0,0,0,1"
248,10,"5,5,0,5,5,5,6,6,6,6,5,5,5,5,5,6,6,6,6,6,5,8,5,5,9,6,6,9,9,6,5,8,8,8,9,9,9,9,9,9,8,8,8,8,2,2,2,9,4,4,8,8,8,7,7,2,2,9,9,4,8,8,7,7,7,9,9,9,4,4,1,3,3,3,7,7,7,4,4,4,3,3,3,7,7,7,4,4,4,4,3,3,3,7,7,7,4,4,4,4","","0,0,1,0,0,0,0,0,0,0,0,0,0,0,1,0,0,0,0,0,0,0,0,0,0,0,0,0,0,1,0,0,0,0,0,0,0,1,0,0,0,0,0,1,0,0,0,0,0,0,0,0,0,0,0,0,1,0,0,0,0,0,0,0,0,0,0,0,1,0,1,0,0,0,0,0,0,0,0,0,0,0,0,0,0,1,0,0,0,0,0,1,0,0,0,0,0,0,0,0"
249,8,"3,1,5,5,5,5,5,5,3,3,5,5,5,5,3,5,3,3,3,3,3,3,3,5,3,7,7,7,7,7,3,5,7,7,7,2,2,2,6,6,7,7,0,2,2,2,6,6,7,4,4,4,6,6,6,6,7,4,4,4,4,6,6,6","","0,1,0,0,0,0,0,0,0,0,0,0,0,0,0,1,1,0,0,0,0,0,0,0,0,0,0,1,0,0,0,0,0,0,0,0,0,1,0,0,0,0,1,0,0,0,0,0,0,0,0,0,0,0,1,0,0,0,0,0,1,0,0,0"
250,10,"1,1,1,1,1,3,3,3,3,3,1,1,7,1,1,1,3,3,3,3,1,6,7,7,7,3,3,3,3,8,1,6,7,7,7,7,7,7,7,8,6,6,6,7,4,7,7,8,7,8,6,6,6,4,4,4,7,8,8,8,9,4,4,4,4,4,8,8,8,8,9,9,9,9,9,9,8,8,8,0,2,2,9,5,5,9,8,5,5,0,2,2,2,5,5,5,5,5,0,0","","0,0,0,0,0,1,0,0,0,0,0,0,0,1,0,0,0,0,0,0,0,1,0,0,0,0,0,0,0,0,0,0,0,0,0,0,1,0,0,0,0,0,0,0,1,0,0,0,0,0,0,0,0,0,0,0,0,0,1,0,1,0,0,0,0,0,0,0,0,0,0,0,0,0,0,0,0,0,0,1,0,0,0,0,0,0,0,1,0,0,0,0,1,0,0,0,0,0,0,0"
251,8,"6,6,4,4,4,4,4,4,6,6,1,4,1,7,4,4,6,6,1,1,1,7,7,7,6,6,6,1,1,7,7,7,6,6,6,1,1,5,7,7,0,3,3,3,5,5,5,2,3,3,5,5,5,5,5,2,3,3,3,5,2,2,2,2","","0,0,0,0,1,0,0,0,0,1,0,0,0,0,0,0,0,0,0,0,0,0,1,0,0,0,0,1,0,0,0,0,0,0,0,0,0,1,0,0,1,0,0,0,0,0,0,0,0,0,0,0,0,0,0,1,0,0,1,0,0,0,0,0"
252,10,"2,2,2,2,2,3,3,3,3,3,2,2,6,2,2,2,2,3,3,3,2,6,6,6,6,3,3,3,3,3,2,9,6,6,6,6,3,3,3,7,9,9,6,6,6,6,3,7,7,7,9,9,9,5,5,6,7,7,7,7,9,5,5,5,5,5,8,7,7,7,9,4,4,4,5,5,8,8,7,7,4,4,4,0,8,8,8,8,8,8,4,4,4,4,4,8,8,8,1,1","","0,0,0,0,0,0,0,1,0,0,0,0,0,0,0,1,0,0,0,0,0,0,1,0,0,0,0,0,0,0,0,0,0,0,0,0,0,0,0,1,1,0,0,0,0,0,0,0,0,0,0,0,0,0,1,0,0,0,0,0,0,0,0,0,0,0,1,0,0,0,0,1,0,0,0,0,0,0,0,0,0,0,0,1,0,0,0,0,0,0,0,0,0,0,0,0,0,0,1,0"
253,9,"0,8,8,7,7,7,4,4,4,8,8,8,7,7,7,4,4,4,8,8,2,2,7,7,7,4,4,8,8,2,7,7,6,6,4,4,8,8,8,7,7,6,6,4,4,8,6,6,6,6,6,6,6,6,5,6,6,6,6,6,6,3,3,5,5,5,5,5,3,3,3,3,5,5,5,5,5,3,3,3,1","","1,0,0,0,0,0,0,0,0,0,0,0,0,0,0,1,0,0,0,0,1,0,0,0,0,0,0,0,0,0,0,1,0,0,0,0,0,1,0,0,0,0,0,0,0,0,0,0,0,0,1,0,0,0,0,0,0,0,0,0,0,1,0,0,0,0,1,0,0,0,0,0,0,0,0,0,0,0,0,0,1"
254,9,"0,0,7,7,7,7,6,6,6,0,5,7,7,7,7,3,3,6,5,5,5,5,7,3,3,3,8,5,2,2,5,5,3,3,3,8,5,2,2,5,4,4,4,8,8,2,2,2,5,4,4,4,8,8,2,2,2,4,4,4,4,4,4,2,2,2,2,1,1,1,1,1,2,2,2,2,2,2,1,1,1","","0,1,0,0,0,0,0,0,0,0,0,0,0,0,0,0,0,1,0,0,0,0,1,0,0,0,0,0,0,0,0,0,0,1,0,0,1,0,0,0,0,0,0,0,0,0,0,0,0,0,0,0,1,0,0,0,0,1,0,0,0,0,0,0,0,0,0,0,1,0,0,0,0,0,1,0,0,0,0,0,0"
255,9,"4,4,4,4,7,7,3,3,3,4,4,1,4,7,7,3,3,3,4,4,4,4,7,7,3,3,3,8,8,4,7,7,6,6,3,6,8,8,8,7,7,6,6,6,6,8,8,8,8,6,6,6,6,5,8,8,2,2,6,5,5,5,5,8,8,2,2,2,5,5,5,5,8,8,8,2,0,5,5,5,5","","1,0,0,0,0,0,0,0,0,0,0,1,0,0,0,0,0,0,0,0,0,0,0,1,0,0,0,0,0,0,0,0,0,0,1,0,0,1,0,0,0,0,0,0,0,0,0,0,0,0,0,1,0,0,0,0,0,1,0,0,0,0,0,0,0,0,0,0,0,0,0,1,0,0,0,0,1,0,0,0,0;0,0,0,0,0,1,0,0,0,0,0,1,0,0,0,0,0,0,1,0,0,0,0,0,0,0,0,0,0,0,0,0,0,0,1,0,0,1,0,0,0,0,0,0,0,0,0,0,0,0,0,1,0,0,0,0,0,1,0,0,0,0,0,0,0,0,0,0,0,0,0,1,0,0,0,0,1,0,0,0,0"
256,10,"4,4,9,9,9,9,9,6,1,1,4,9,9,9,5,5,9,6,1,1,4,4,9,9,9,5,9,6,6,0,4,4,4,5,5,5,9,9,6,6,4,4,5,5,8,5,5,6,6,6,8,8,8,8,8,5,5,3,6,6,2,8,2,7,7,7,7,3,3,3,2,8,2,2,2,7,7,3,3,3,2,2,2,7,7,7,3,3,3,3,2,2,2,2,2,7,7,7,3,3","","0,0,0,0,0,0,0,0,1,0,0,0,1,0,0,0,0,0,0,0,0,0,0,0,0,0,0,0,0,1,1,0,0,0,0,0,0,0,0,0,0,0,0,0,0,0,0,1,0,0,0,0,0,0,0,1,0,0,0,0,0,0,0,1,0,0,0,0,0,0,0,1,0,0,0,0,0,0,0,0,0,0,0,0,0,0,1,0,0,0,0,0,0,0,1,0,0,0,0,0"
257,10,"8,8,8,8,6,6,6,3,3,7,8,8,6,6,6,3,3,3,7,7,1,0,6,6,3,3,3,3,7,7,1,6,6,6,5,3,3,3,7,7,1,6,5,5,5,5,5,7,7,7,1,6,4,5,5,5,5,7,2,7,1,4,4,4,4,5,9,9,2,2,4,4,4,4,4,9,9,9,2,2,4,4,4,9,9,9,2,2,2,2,4,4,4,9,2,2,2,2,2,2","","0,0,1,0,0,0,0,0,0,0,0,0,0,0,1,0,0,0,0,0,0,1,0,0,0,0,0,0,0,0,0,0,0,0,0,0,0,1,0,0,0,0,0,0,0,0,0,0,0,1,0,0,0,0,0,0,1,0,0,0,1,0,0,0,0,0,0,0,0,0,0,0,0,1,0,0,0,0,0,0,0,0,0,0,0,1,0,0,0,0,0,0,0,0,0,0,0,0,1,0"
258,10,"9,9,9,9,9,9,4,4,4,4,9,9,2,9,9,9,8,8,8,4,9,9,2,9,8,8,8,8,8,4,9,5,2,8,8,8,8,8,1,4,5,5,2,7,7,8,8,4,4,4,5,5,7,7,7,8,6,6,6,4,5,7,7,7,7,6,6,6,6,6,5,7,7,7,7,6,6,3,3,3,5,5,5,7,7,7,0,3,3,3,5,5,5,5,7,7,3,3,3,3","","0,0,0,0,0,0,0,1,0,0,0,1,0,0,0,0,0,0,0,0,0,0,0,0,1,0,0,0,0,0,0,0,0,0,0,0,0,0,1,0,0,0,1,0,0,0,0,0,0,0,1,0,0,0,0,0,0,0,0,0,0,0,0,0,0,1,0,0,0,0,0,0,0,1,0,0,0,0,0,0,0,0,0,0,0,0,1,0,0,0,0,0,0,0,0,0,0,0,0,1"
259,9,"2,5,5,5,5,5,3,3,3,2,2,5,5,5,5,5,3,3,0,2,2,2,2,7,5,3,3,8,4,4,7,2,7,7,3,6,8,4,4,7,7,7,6,3,6,8,4,4,7,7,6,6,6,6,8,4,4,4,7,6,6,6,6,8,8,4,4,7,1,6,6,6,8,8,8,4,1,1,6,6,6","","0,0,0,0,0,0,0,0,1,0,0,0,0,0,0,1,0,0,1,0,0,0,0,0,0,0,0,0,0,0,0,1,0,0,0,0,0,1,0,0,0,0,0,0,0,0,0,0,1,0,0,0,0,0,0,0,0,0,0,0,0,1,0,0,0,0,0,0,1,0,0,0,0,0,1,0,0,0,0,0,0"
260,10,"3,3,3,3,5,5,5,5,5,5,3,3,3,9,9,9,9,9,5,5,8,3,3,3,3,9,9,9,5,5,8,3,3,3,9,9,9,9,5,5,8,6,6,6,6,6,9,9,2,2,8,8,8,6,6,6,6,7,1,2,8,8,8,6,6,6,7,7,7,2,8,4,4,6,6,6,7,7,7,2,8,8,4,6,4,4,7,7,7,7,8,4,4,4,4,4,7,0,7,7","","0,0,0,0,1,0,0,0,0,0,0,1,0,0,0,0,0,0,0,0,0,0,0,0,0,1,0,0,0,0,1,0,0,0,0,0,0,0,0,0,0,0,0,1,0,0,0,0,0,0,0,0,0,0,0,0,0,0,1,0,0,0,0,0,0,0,1,0,0,0,0,0,0,0,0,0,0,0,0,1,0,0,1,0,0,0,0,0,0,0,0,0,0,0,0,0,0,1,0,0"
261,9,"8,8,8,8,4,4,4,0,4,8,2,2,8,4,4,4,4,4,8,8,2,8,8,7,4,4,4,8,5,2,7,7,7,7,7,7,8,5,5,7,7,7,7,7,7,5,5,6,7,7,7,7,7,3,5,1,6,6,6,6,3,3,3,5,5,5,6,6,3,3,3,3,5,5,5,6,3,3,3,3,3","","0,0,0,0,0,0,0,1,0,0,0,0,1,0,0,0,0,0,0,0,0,0,0,0,1,0,0,0,0,1,0,0,0,0,0,0,0,0,0,0,0,1,0,0,0,0,0,0,0,0,0,0,0,1,0,1,0,0,0,0,0,0,0,0,0,0,0,1,0,0,0,0,1,0,0,0,0,0,0,0,0"
262,9,"5,5,5,2,2,2,8,8,4,5,5,5,5,5,2,8,4,4,5,5,5,6,8,8,8,4,4,0,5,6,6,8,8,8,8,4,3,3,6,6,8,8,4,8,4,3,3,6,6,6,6,4,4,4,3,3,1,6,6,6,4,4,4,3,3,3,7,7,7,7,4,7,3,3,3,7,7,7,7,7,7","","0,0,0,0,0,1,0,0,0,0,0,0,1,0,0,0,0,0,0,0,0,0,0,0,0,0,1,1,0,0,0,0,0,0,0,0,0,0,0,0,0,0,0,1,0,0,0,0,0,1,0,0,0,0,0,0,1,0,0,0,0,0,0,0,0,0,0,0,0,1,0,0,0,1,0,0,0,0,0,0,0"
263,8,"3,3,3,7,7,5,5,5,3,7,7,7,7,5,5,5,3,3,7,7,7,7,1,5,4,3,7,4,2,5,5,5,4,4,7,4,2,2,5,6,4,4,4,4,6,2,6,6,4,0,4,4,6,6,6,6,4,4,4,6,6,6,6,6","","0,0,0,0,0,0,0,1,1,0,0,0,0,0,0,0,0,0,0,0,0,0,1,0,0,0,1,0,0,0,0,0,0,0,0,0,0,1,0,0,0,0,0,1,0,0,0,0,0,1,0,0,0,0,0,0,0,0,0,0,1,0,0,0"
264,10,"3,3,3,3,8,8,8,5,5,5,3,3,3,3,3,8,8,5,5,5,7,7,3,3,8,8,0,5,5,5,7,7,3,8,8,6,6,6,5,5,7,7,7,6,6,6,6,6,5,5,7,7,9,9,6,6,6,5,5,5,1,7,9,9,9,9,6,6,5,5,4,9,9,9,9,9,6,6,5,5,4,4,9,9,9,9,2,2,2,5,4,4,4,9,9,9,9,9,9,5","","0,0,0,0,0,1,0,0,0,0,0,0,0,1,0,0,0,0,0,0,0,0,0,0,0,0,1,0,0,0,0,1,0,0,0,0,0,0,0,0,0,0,0,0,0,0,0,1,0,0,0,0,0,0,0,0,0,0,0,1,1,0,0,0,0,0,0,0,0,0,0,0,0,0,1,0,0,0,0,0,0,0,0,0,0,0,0,0,1,0,0,0,1,0,0,0,0,0,0,0"
265,8,"5,5,5,5,5,5,1,1,2,2,2,5,4,5,1,1,2,7,7,7,4,5,1,1,7,7,7,4,4,1,1,1,7,7,7,4,4,1,1,1,7,6,0,3,4,4,4,3,7,6,0,3,3,3,4,3,7,6,6,3,3,3,3,3","","0,0,0,0,0,1,0,0,1,0,0,0,0,0,0,0,0,0,0,1,0,0,0,0,0,0,0,0,0,0,1,0,0,0,0,0,1,0,0,0,0,0,1,0,0,0,0,0,0,0,0,0,0,0,0,1,0,1,0,0,0,0,0,0"
266,8,"3,3,3,7,7,7,4,4,3,3,7,7,7,1,4,4,3,3,5,5,7,7,7,4,3,5,5,5,5,5,7,4,3,5,5,0,5,4,4,4,3,5,6,6,5,4,4,4,6,5,6,6,6,6,6,4,6,6,6,2,2,2,2,4","","0,1,0,0,0,0,0,0,0,0,0,0,0,1,0,0,0,0,1,0,0,0,0,0,0,0,0,0,0,0,1,0,0,0,0,1,0,0,0,0,0,0,0,0,0,0,0,1,1,0,0,0,0,0,0,0,0,0,0,0,1,0,0,0"
267,10,"5,5,5,9,6,6,6,6,6,6,5,5,5,9,9,6,9,6,6,6,5,9,9,9,9,9,9,6,6,6,5,5,9,9,2,2,2,6,6,6,5,5,5,1,7,2,8,4,4,6,3,7,7,7,7,2,8,4,4,6,3,7,7,7,8,8,8,4,4,6,3,7,7,7,7,8,8,4,4,4,3,0,3,3,8,8,8,4,4,4,3,3,3,3,8,8,8,8,4,4","","0,0,1,0,0,0,0,0,0,0,0,0,0,0,0,0,1,0,0,0,0,0,0,0,0,0,0,0,0,1,0,0,0,0,0,1,0,0,0,0,0,0,0,1,0,0,0,0,0,0,1,0,0,0,0,0,0,0,0,0,0,0,0,0,0,0,0,0,1,0,0,0,0,0,1,0,0,0,0,0,0,1,0,0,0,0,0,0,0,0,0,0,0,0,0,0,0,1,0,0;0,0,1,0,0,0,0,0,0,0,0,0,0,0,0,0,1,0,0,0,0,0,0,0,0,0,0,0,0,1,0,0,0,0,0,1,0,0,0,0,0,0,0,1,0,0,0,0,0,0,0,0,0,0,0,0,0,0,1,0,1,0,0,0,0,0,0,0,0,0,0,0,0,0,1,0,0,0,0,0,0,1,0,0,0,0,0,0,0,0,0,0,0,0,0,0,0,1,0,0"
268,6,"4,4,4,5,5,5,4,4,1,1,5,5,4,4,2,1,5,5,2,4,2,3,3,5,2,2,2,3,3,3,2,2,2,0,3,3","","0,0,0,0,0,1,0,0,1,0,0,0,1,0,0,0,0,0,0,0,0,0,1,0,0,1,0,0,0,0,0,0,0,1,0,0"
269,8,"3,3,3,3,5,5,5,5,3,3,3,3,5,5,5,5,3,3,6,1,1,5,5,5,3,3,6,6,1,1,5,4,6,6,6,7,7,7,4,4,2,6,6,6,7,7,4,4,2,2,0,7,7,7,4,4,2,2,2,7,7,4,4,4","","0,0,0,1,0,0,0,0,0,0,0,0,0,0,1,0,0,0,0,0,1,0,0,0,0,0,0,0,0,0,0,1,0,1,0,0,0,0,0,0,0,0,0,0,0,1,0,0,0,0,1,0,0,0,0,0,1,0,0,0,0,0,0,0"
270,6,"2,2,2,2,2,1,4,4,2,1,1,1,4,4,2,2,1,1,4,4,2,2,3,3,4,0,5,5,5,3,4,0,0,0,5,3","","0,0,1,0,0,0,0,0,0,0,1,0,1,0,0,0,0,0,0,0,0,0,0,1,0,0,0,1,0,0,0,1,0,0,0,0"
271,8,"6,6,6,6,3,3,3,2,1,1,6,6,3,3,2,2,1,1,5,5,3,3,3,2,1,1,5,5,5,5,3,2,5,5,5,4,5,7,3,2,4,0,4,4,7,7,2,2,4,4,4,7,7,2,2,2,4,4,7,7,2,2,2,2","","0,0,0,0,0,0,1,0,0,0,1,0,0,0,0,0,1,0,0,0,0,0,0,0,0,0,0,0,0,1,0,0,0,0,0,1,0,0,0,0,0,1,0,0,0,0,0,0,0,0,0,0,1,0,0,0,0,0,0,0,0,0,0,1"
272,10,"6,6,9,9,9,9,3,3,3,3,6,6,9,9,9,3,3,3,3,3,6,0,9,9,7,7,3,3,3,8,6,1,9,9,9,7,7,7,7,8,1,1,1,9,7,7,7,7,8,8,1,1,5,9,7,7,7,4,8,8,5,5,5,4,4,4,4,4,8,8,5,5,5,5,4,2,4,8,8,2,5,5,4,4,4,2,2,2,8,2,5,5,5,4,2,2,2,2,2,2","","1,0,0,0,0,0,0,0,0,0,0,0,0,0,0,0,0,0,0,1,0,1,0,0,0,0,0,0,0,0,0,0,0,0,1,0,0,0,0,0,0,0,1,0,0,0,0,0,0,0,0,0,0,0,0,1,0,0,0,0,0,0,0,0,0,0,0,1,0,0,0,0,0,1,0,0,0,0,0,0,0,0,0,0,0,0,0,0,1,0,0,0,0,0,0,0,1,0,0,0"
273,6,"3,3,5,5,4,1,3,0,5,5,4,4,3,3,5,5,5,4,3,3,5,5,4,4,3,3,5,4,4,4,3,2,2,2,2,4","","0,0,0,0,0,1,0,1,0,0,0,0,0,0,0,1,0,0,1,0,0,0,0,0,0,0,0,0,1,0,0,0,1,0,0,0"
274,9,"2,2,8,8,8,8,5,5,5,8,8,8,6,6,8,5,5,5,8,8,8,6,6,7,7,5,5,8,8,6,6,6,7,7,7,5,8,6,6,6,6,7,7,7,5,4,4,4,6,6,7,7,1,5,4,4,4,4,7,7,3,3,3,4,4,0,4,7,3,3,3,3,4,4,4,3,3,3,3,3,3","","0,1,0,0,0,0,0,0,0,0,0,0,0,0,1,0,0,0,0,0,0,0,0,0,0,0,1,0,0,0,0,0,0,1,0,0,0,0,0,1,0,0,0,0,0,0,0,0,0,0,0,0,1,0,1,0,0,0,0,0,0,0,0,0,0,1,0,0,0,0,0,0,0,0,0,0,1,0,0,0,0"
275,7,"4,4,4,4,4,5,5,4,4,4,1,5,5,5,4,4,4,1,5,5,5,4,2,6,1,1,5,5,2,2,6,1,1,5,5,2,6,6,6,3,3,0,2,6,3,3,3,3,3","","0,1,0,0,0,0,0,0,0,0,1,0,0,0,0,0,0,0,0,1,0,0,0,1,0,0,0,0,1,0,0,0,0,0,0,0,0,0,0,0,0,1,0,0,0,0,1,0,0"
276,8,"5,5,5,5,2,2,2,2,5,5,5,4,4,2,2,2,5,5,5,4,4,2,7,2,5,5,5,4,4,0,7,7,1,4,4,4,4,4,7,3,1,6,6,6,6,3,7,3,1,1,6,6,6,3,3,3,1,6,6,6,6,3,3,3","","0,0,0,0,1,0,0,0,0,1,0,0,0,0,0,0,0,0,0,1,0,0,0,0,0,0,0,0,0,1,0,0,1,0,0,0,0,0,0,0,0,0,0,0,0,0,1,0,0,0,1,0,0,0,0,0,0,0,0,0,0,0,0,1"
277,10,"4,4,4,9,9,9,2,2,2,0,4,4,4,4,4,9,9,9,2,2,4,4,4,4,4,9,9,9,2,2,5,4,5,5,5,5,5,7,7,2,5,5,5,5,5,5,7,7,7,7,5,1,6,6,5,5,7,7,3,3,1,1,6,6,8,5,8,7,7,3,1,6,6,6,8,8,8,7,7,3,6,6,6,6,6,6,8,8,8,3,6,6,6,6,8,8,8,3,3,3","","0,0,0,0,0,0,0,0,0,1,0,0,0,0,0,1,0,0,0,0,0,0,0,0,0,0,0,0,1,0,0,1,0,0,0,0,0,0,0,0,0,0,0,1,0,0,0,0,0,0,0,0,0,0,0,0,1,0,0,0,1,0,0,0,0,0,0,0,0,0,0,0,0,0,1,0,0,0,0,0,0,0,1,0,0,0,0,0,0,0,0,0,0,0,0,0,0,1,0,0;0,0,0,0,0,0,0,0,0,1,0,0,0,0,0,1,0,0,0,0,0,0,0,0,0,0,0,0,1,0,0,1,0,0,0,0,0,0,0,0,0,0,0,1,0,0,0,0,0,0,0,0,0,0,0,0,1,0,0,0,0,0,0,0,1,0,0,0,0,0,1,0,0,0,0,0,0,0,0,0,0,0,1,0,0,0,0,0,0,0,0,0,0,0,0,0,0,1,0,0"
278,9,"4,4,4,6,6,5,5,5,5,4,2,2,6,6,5,5,5,5,4,8,8,6,6,6,5,5,5,4,4,8,6,6,0,5,5,5,4,8,8,6,6,6,6,3,5,4,1,8,7,6,7,3,3,3,4,4,8,7,7,7,7,3,3,4,4,8,7,7,7,3,3,3,4,4,8,8,7,7,3,3,3","","0,0,0,0,1,0,0,0,0,0,0,1,0,0,0,0,0,0,0,0,0,0,0,0,0,0,1,0,0,0,0,0,1,0,0,0,0,0,0,0,0,0,0,1,0,0,1,0,0,0,0,0,0,0,0,0,0,0,0,0,1,0,0,1,0,0,0,0,0,0,0,0,0,0,0,1,0,0,0,0,0"
279,10,"4,4,9,9,9,9,9,2,2,2,4,4,9,9,9,5,9,2,2,2,0,4,4,4,9,5,9,2,2,2,6,6,6,6,9,5,5,8,8,2,6,6,6,6,5,5,5,8,8,8,6,6,6,7,5,5,3,3,8,8,1,6,6,7,5,5,3,3,3,8,1,1,1,7,7,5,3,3,3,8,7,1,7,7,7,5,3,3,3,8,7,7,7,7,3,3,3,3,3,3","","0,1,0,0,0,0,0,0,0,0,0,0,0,0,0,0,1,0,0,0,1,0,0,0,0,0,0,0,0,0,0,0,0,0,0,0,0,0,0,1,0,0,0,1,0,0,0,0,0,0,0,0,0,0,0,0,0,0,1,0,0,0,0,0,0,1,0,0,0,0,0,0,1,0,0,0,0,0,0,0,0,0,0,0,1,0,0,0,0,0,0,0,0,0,0,0,0,1,0,0"
280,9,"2,2,2,2,7,7,4,4,4,2,2,2,7,7,7,6,4,4,2,2,2,7,7,7,6,4,4,2,8,8,7,7,3,6,6,6,8,8,3,3,3,3,6,6,6,8,8,8,3,3,6,6,6,1,8,8,8,3,3,3,6,0,1,5,5,8,5,3,3,6,6,1,5,5,5,5,5,5,5,1,1","","0,0,0,0,0,0,1,0,0,0,0,1,0,0,0,0,0,0,0,0,0,0,1,0,0,0,0,0,1,0,0,0,0,0,0,0,0,0,0,1,0,0,0,0,0,0,0,0,0,0,1,0,0,0,0,0,0,0,0,0,0,1,0,1,0,0,0,0,0,0,0,0,0,0,0,0,0,0,0,0,1"
281,8,"5,5,5,5,1,6,6,6,5,5,1,1,1,6,6,6,5,5,4,4,0,6,6,6,2,4,4,4,4,3,3,6,2,4,4,4,3,3,3,3,2,2,2,7,3,7,3,3,2,2,2,7,7,7,7,3,2,2,2,7,7,7,7,7","","1,0,0,0,0,0,0,0,0,0,1,0,0,0,0,0,0,0,0,0,1,0,0,0,0,0,0,0,0,0,0,1,0,0,0,1,0,0,0,0,0,0,0,0,0,0,1,0,0,1,0,0,0,0,0,0,0,0,0,0,0,1,0,0"
282,5,"3,3,3,3,1,3,3,3,4,1,2,2,3,4,4,2,2,2,4,4,2,2,0,4,4","","0,0,0,0,1,0,1,0,0,0,0,0,0,1,0,1,0,0,0,0,0,0,1,0,0"
283,9,"7,7,7,7,7,7,4,4,4,7,7,7,7,4,4,4,4,4,7,2,2,7,4,4,4,4,4,7,5,2,2,4,6,4,4,6,5,5,8,2,0,6,6,6,6,5,5,8,8,8,6,6,6,6,5,5,8,8,6,6,6,6,3,5,1,5,8,8,8,3,3,3,5,5,5,8,8,8,3,3,3","","0,0,0,0,0,1,0,0,0,0,0,0,0,0,0,0,1,0,0,0,1,0,0,0,0,0,0,0,0,0,0,0,0,0,0,1,0,0,0,0,1,0,0,0,0,1,0,0,0,0,0,0,0,0,0,0,0,1,0,0,0,0,0,0,1,0,0,0,0,0,0,0,0,0,0,0,0,0,1,0,0"
284,9,"6,6,7,7,7,7,3,3,3,6,7,7,3,3,3,3,3,3,6,7,7,3,3,8,3,3,3,6,0,7,7,7,8,3,3,3,6,6,6,2,2,8,8,3,8,6,4,6,8,8,8,8,3,8,6,4,6,8,5,8,8,8,8,4,4,4,4,5,5,5,5,1,4,4,4,5,5,5,5,5,5","","0,0,0,0,0,1,0,0,0,1,0,0,0,0,0,0,0,0,0,0,0,0,0,0,0,1,0,0,1,0,0,0,0,0,0,0,0,0,0,1,0,0,0,0,0,0,0,0,0,0,0,1,0,0,0,0,0,0,1,0,0,0,0,0,0,0,0,0,0,0,0,1,0,0,1,0,0,0,0,0,0"
285,8,"3,3,3,6,6,6,0,0,3,3,6,6,6,6,0,5,3,3,3,6,6,4,0,5,3,3,3,6,6,4,5,5,3,4,3,4,4,4,5,5,1,4,4,4,4,7,7,5,1,1,1,7,7,7,7,2,1,1,1,1,1,2,2,2","","0,0,0,0,0,0,1,0,0,0,1,0,0,0,0,0,0,0,0,0,0,0,0,1,0,1,0,0,0,0,0,0,0,0,0,0,1,0,0,0,1,0,0,0,0,0,0,0,0,0,0,1,0,0,0,0,0,0,0,0,0,1,0,0"
286,10,"8,8,8,8,6,6,6,6,6,6,8,8,1,8,2,6,6,6,6,6,8,8,7,8,2,7,5,6,6,6,7,7,7,7,7,7,5,3,6,6,7,4,7,7,9,9,5,3,3,3,4,4,7,9,9,5,5,5,5,3,4,4,7,7,9,5,9,5,3,3,4,4,4,9,9,9,9,5,0,3,4,4,4,9,9,9,5,5,3,3,4,4,4,9,9,9,9,5,3,3","","1,0,0,0,0,0,0,0,0,0,0,0,1,0,0,0,0,0,0,0,0,0,0,0,1,0,0,0,0,0,0,0,0,0,0,0,0,0,0,1,0,0,0,0,0,0,0,1,0,0,0,0,0,0,0,1,0,0,0,0,0,0,0,1,0,0,0,0,0,0,0,0,0,0,0,0,0,0,1,0,0,1,0,0,0,0,0,0,0,0,0,0,0,0,0,0,1,0,0,0"
287,8,"6,2,2,2,2,4,4,4,6,2,6,6,2,4,4,4,6,2,6,2,2,2,4,4,6,6,6,2,2,4,4,0,6,6,6,3,2,4,5,0,6,6,3,3,3,7,5,0,1,6,3,7,3,7,5,5,1,1,7,7,7,7,5,5","","0,1,0,0,0,0,0,0,0,0,0,0,0,1,0,0,0,0,1,0,0,0,0,0,0,0,0,0,0,0,0,1,0,0,0,1,0,0,0,0,0,0,0,0,0,0,1,0,1,0,0,0,0,0,0,0,0,0,0,0,1,0,0,0"
288,9,"0,7,7,7,4,4,4,4,4,7,7,7,7,7,7,4,1,4,7,7,7,7,5,4,4,4,8,7,2,2,5,5,4,8,8,8,6,2,5,5,5,8,8,8,8,6,2,5,6,5,5,3,8,3,6,6,6,6,5,5,3,3,3,6,6,6,3,3,3,3,3,3,6,6,3,3,3,3,3,3,3","","1,0,0,0,0,0,0,0,0,0,0,0,0,0,0,0,1,0,0,0,0,1,0,0,0,0,0,0,0,0,0,0,1,0,0,0,0,0,0,0,0,0,0,0,1,0,1,0,0,0,0,0,0,0,0,0,0,0,1,0,0,0,0,0,0,1,0,0,0,0,0,0,0,0,0,0,0,0,1,0,0"
289,8,"4,4,0,4,4,5,5,5,4,4,4,4,4,5,5,5,4,7,7,7,1,1,5,5,7,7,7,6,6,6,3,5,7,7,7,6,6,3,3,3,2,2,6,6,6,6,3,3,2,2,2,2,6,6,3,3,2,2,2,3,3,3,3,3","","0,0,1,0,0,0,0,0,1,0,0,0,0,0,0,0,0,0,0,0,1,0,0,0,0,0,0,0,0,0,0,1,0,1,0,0,0,0,0,0,0,0,0,0,0,1,0,0,0,0,0,1,0,0,0,0,0,0,0,0,0,0,1,0"
290,10,"3,3,3,3,3,7,7,7,7,7,3,3,3,3,3,7,7,7,7,7,3,6,3,3,3,7,7,7,1,7,6,6,5,5,5,7,7,1,1,1,6,6,5,5,5,7,7,7,8,9,6,6,5,5,8,8,8,8,8,9,6,6,5,5,8,8,8,8,9,9,6,2,5,5,8,4,8,9,9,9,2,2,2,5,8,4,8,4,9,9,2,2,2,4,4,4,4,4,9,0","","0,0,0,1,0,0,0,0,0,0,0,0,0,0,0,0,1,0,0,0,0,1,0,0,0,0,0,0,0,0,0,0,0,0,0,0,0,1,0,0,0,0,1,0,0,0,0,0,0,0,0,0,0,0,1,0,0,0,0,0,0,0,0,0,0,0,0,0,1,0,0,0,0,0,0,1,0,0,0,0,1,0,0,0,0,0,0,0,0,0,0,0,0,0,0,0,0,0,0,1;0,0,0,0,0,0,1,0,0,0,0,0,0,1,0,0,0,0,0,0,0,1,0,0,0,0,0,0,0,0,0,0,0,0,0,0,0,1,0,0,0,0,1,0,0,0,0,0,0,0,0,0,0,0,1,0,0,0,0,0,0,0,0,0,0,0,0,0,1,0,0,0,0,0,0,1,0,0,0,0,1,0,0,0,0,0,0,0,0,0,0,0,0,0,0,0,0,0,0,1"
291,5,"2,2,2,2,2,2,2,4,4,1,3,4,4,4,1,3,3,4,1,1,3,3,0,1,1","","0,1,0,0,0,0,0,0,1,0,1,0,0,0,0,0,0,0,0,1,0,0,1,0,0"
292,8,"4,4,4,4,4,7,7,7,4,4,4,7,7,7,2,2,4,6,4,7,7,7,0,2,4,6,6,7,7,5,5,2,6,6,6,6,6,5,2,2,3,6,1,6,5,5,5,5,3,3,3,3,3,5,5,5,3,3,3,3,3,5,5,5","","1,0,0,0,0,0,0,0,0,0,0,0,1,0,0,0,0,0,0,0,0,0,1,0,0,1,0,0,0,0,0,0,0,0,0,0,0,0,0,1,0,0,1,0,0,0,0,0,0,0,0,0,0,1,0,0,0,0,0,1,0,0,0,0"
293,8,"0,0,6,6,2,2,2,2,0,0,0,6,6,2,2,5,0,3,0,3,6,5,5,5,0,3,3,3,6,5,7,7,4,4,4,3,3,5,7,7,4,4,4,3,3,7,7,1,4,4,4,3,1,1,1,1,4,4,4,4,4,1,1,1","","0,0,1,0,0,0,0,0,0,0,0,0,0,1,0,0,0,0,0,0,0,0,0,1,1,0,0,0,0,0,0,0,0,0,0,1,0,0,0,0,0,0,0,0,0,0,1,0,0,0,0,0,1,0,0,0,0,1,0,0,0,0,0,0"
294,10,"6,6,6,5,5,2,2,2,2,2,6,6,5,5,5,2,2,2,2,2,6,6,5,5,5,5,2,2,7,7,6,6,9,5,5,4,2,2,2,7,0,6,9,4,4,4,4,4,7,7,0,9,9,9,4,4,4,7,7,7,9,9,9,3,3,4,4,7,7,1,9,9,9,3,3,3,4,1,7,1,8,9,3,3,1,1,1,1,7,1,8,8,3,3,3,1,1,1,1,1","","0,0,1,0,0,0,0,0,0,0,0,0,0,0,0,0,0,0,1,0,0,0,0,0,0,1,0,0,0,0,0,0,0,0,0,0,0,0,0,1,1,0,0,0,0,0,0,0,0,0,0,0,0,1,0,0,0,0,0,0,0,0,0,0,0,0,1,0,0,0,0,0,0,0,1,0,0,0,0,0,0,0,0,0,0,0,0,1,0,0,0,1,0,0,0,0,0,0,0,0"
295,8,"0,6,6,5,5,5,5,5,6,6,6,2,5,7,5,5,6,6,6,2,2,7,7,7,6,6,4,2,2,7,7,7,4,6,4,7,7,7,7,3,4,4,4,4,7,3,7,3,4,4,4,4,3,3,3,3,4,1,4,3,3,3,3,3","","1,0,0,0,0,0,0,0,0,0,0,0,0,0,0,1,0,0,1,0,0,0,0,0,0,0,0,0,1,0,0,0,0,0,0,0,0,0,1,0,0,0,0,1,0,0,0,0,0,0,0,0,0,1,0,0,0,1,0,0,0,0,0,0"
296,9,"1,1,1,5,5,5,5,5,2,1,1,7,5,5,2,2,2,2,1,7,7,7,7,4,2,2,2,8,7,7,4,4,4,2,4,2,8,8,7,7,4,4,4,4,2,8,6,7,4,4,4,4,2,2,3,6,7,4,4,4,4,4,4,3,6,6,6,3,4,4,0,4,3,3,3,3,3,3,3,0,0","","0,0,1,0,0,0,0,0,0,0,0,0,0,1,0,0,0,0,0,0,0,0,0,0,0,0,1,1,0,0,0,0,0,0,0,0,0,0,0,1,0,0,0,0,0,0,0,0,0,0,0,1,0,0,0,1,0,0,0,0,0,0,0,0,0,0,0,0,0,0,1,0,0,0,0,0,0,1,0,0,0"
297,10,"3,3,3,3,3,3,3,8,8,8,6,6,3,3,3,8,8,8,8,8,6,3,3,3,3,7,7,7,1,8,6,6,6,3,7,7,7,0,1,8,6,6,6,6,5,7,7,7,1,8,2,5,5,5,5,7,7,7,1,9,2,5,5,5,5,4,7,9,9,9,2,2,2,5,5,4,4,9,9,9,2,2,2,5,4,4,4,4,4,9,2,5,5,5,5,4,4,9,9,9","","0,0,1,0,0,0,0,0,0,0,0,0,0,0,0,0,1,0,0,0,1,0,0,0,0,0,0,0,0,0,0,0,0,0,0,0,0,1,0,0,0,0,0,0,0,1,0,0,0,0,0,0,0,0,0,0,0,0,1,0,0,0,0,1,0,0,0,0,0,0,0,1,0,0,0,0,0,0,0,0,0,0,0,0,1,0,0,0,0,0,0,0,0,0,0,0,0,0,0,1"
298,9,"2,7,7,7,5,5,5,5,5,2,2,2,7,7,7,7,7,5,4,2,2,4,4,7,7,5,5,4,4,4,4,4,7,1,1,5,4,4,8,8,8,8,1,1,5,3,4,8,8,8,8,8,0,5,3,3,8,3,3,8,6,6,6,3,3,3,3,8,8,6,6,6,3,3,3,3,3,3,6,6,6","","0,0,0,0,0,1,0,0,0,0,0,0,1,0,0,0,0,0,0,1,0,0,0,0,0,0,0,0,0,0,0,0,0,1,0,0,1,0,0,0,0,0,0,0,0,0,0,0,0,0,0,0,1,0,0,0,1,0,0,0,0,0,0,0,0,0,0,0,0,0,0,1,0,0,0,0,1,0,0,0,0"
299,8,"3,3,4,4,4,0,0,0,3,3,4,4,4,0,0,0,3,3,4,4,2,2,2,2,6,6,6,4,4,2,2,2,1,6,7,7,2,2,5,2,1,6,7,2,2,2,5,5,1,1,7,7,2,5,5,5,1,7,7,7,5,5,5,5","","0,0,0,0,1,0,0,0,0,0,0,0,0,0,1,0,1,0,0,0,0,0,0,0,0,0,1,0,0,0,0,0,0,0,0,0,0,1,0,0,0,0,0,0,0,0,0,1,0,1,0,0,0,0,0,0,0,0,0,1,0,0,0,0;0,0,0,0,0,0,1,0,0,0,0,0,1,0,0,0,1,0,0,0,0,0,0,0,0,0,1,0,0,0,0,0,0,0,0,0,0,1,0,0,0,0,0,0,0,0,0,1,0,1,0,0,0,0,0,0,0,0,0,1,0,0,0,0"
300,8,"0,0,5,5,5,2,2,2,0,5,5,5,5,5,2,2,0,5,5,5,5,4,2,2,6,6,7,5,4,4,2,2,6,3,7,4,4,2,2,1,3,3,7,4,4,2,2,1,3,7,7,7,7,1,1,1,3,3,3,7,1,1,1,1","","0,1,0,0,0,0,0,0,0,0,0,0,0,0,1,0,0,0,0,1,0,0,0,0,0,0,0,0,0,1,0,0,1,0,0,0,0,0,0,0,0,0,0,0,0,0,0,1,0,0,0,0,1,0,0,0,0,0,1,0,0,0,0,0"
